StartDate,EndDate,Status,IPAddress,Progress,Duration (in seconds),Finished,RecordedDate,ResponseId,RecipientLastName,RecipientFirstName,RecipientEmail,ExternalReference,LocationLatitude,LocationLongitude,DistributionChannel,UserLanguage,consent_choice,risk_fit_1,risk_fit_2,Returns_1,Returns_2,intention to invest_1,intention to invest_2,gender,gender_3_TEXT,age,invest
Start Date,End Date,Response Type,IP Address,Progress,Duration (in seconds),Finished,Recorded Date,Response ID,Recipient Last Name,Recipient First Name,Recipient Email,External Data Reference,Location Latitude,Location Longitude,Distribution Channel,User Language,"I've read the consent form, and",Please indicate whether you agree with the statements below - The level of risk associated with managed investing is appealing to me,Please indicate whether you agree with the statements below - Managed investing would have the right level of risk for me,Please indicate whether you agree with the statements below - I think I could get a good return (interest) on my investments via managed investing,Please indicate whether you agree with the statements below - Managed investing is likely profitable for me,Please indicate whether you agree with the statements below - I am interested in managed investing,Please indicate whether you agree with the statements below - I would like to know a bit more about managed investing and how it works,I am a - Selected Choice,I am a - other - Text,My age is: ___ years,Do you invest money yourself in the stock market or other funds/investments?
"{""ImportId"":""startDate"",""timeZone"":""America/Denver""}","{""ImportId"":""endDate"",""timeZone"":""America/Denver""}","{""ImportId"":""status""}","{""ImportId"":""ipAddress""}","{""ImportId"":""progress""}","{""ImportId"":""duration""}","{""ImportId"":""finished""}","{""ImportId"":""recordedDate"",""timeZone"":""America/Denver""}","{""ImportId"":""_recordId""}","{""ImportId"":""recipientLastName""}","{""ImportId"":""recipientFirstName""}","{""ImportId"":""recipientEmail""}","{""ImportId"":""externalDataReference""}","{""ImportId"":""locationLatitude""}","{""ImportId"":""locationLongitude""}","{""ImportId"":""distributionChannel""}","{""ImportId"":""userLanguage""}","{""ImportId"":""QID13""}","{""ImportId"":""QID7_1""}","{""ImportId"":""QID7_2""}","{""ImportId"":""QID8_1""}","{""ImportId"":""QID8_2""}","{""ImportId"":""QID9_1""}","{""ImportId"":""QID9_2""}","{""ImportId"":""QID10""}","{""ImportId"":""QID10_3_TEXT""}","{""ImportId"":""QID11_TEXT""}","{""ImportId"":""QID12""}"
2021-05-12 08:23:45,2021-05-12 08:25:05,0,174.230.142.33,100,79,1,2021-05-12 08:25:05,R_3ls5O2gIeRNKswI,,,,,42.4248046875,-83.195098876953125,anonymous,EN,1,2,2,4,4,1,3,2,,19,4
2021-05-12 08:24:21,2021-05-12 08:25:35,0,5.151.224.7,100,73,1,2021-05-12 08:25:35,R_2zMdunWG3rhIOjM,,,,,51.9049072265625,0.9185943603515625,anonymous,EN,1,0,0,1,0,0,3,2,,24,4
2021-05-12 08:26:12,2021-05-12 08:26:31,0,98.242.5.218,100,19,1,2021-05-12 08:26:32,R_1pG2x2042lbCO5j,,,,,38.4799041748046875,-121.445098876953125,anonymous,EN,1,4,3,3,3,4,4,1,,39,1
2021-05-12 08:26:50,2021-05-12 08:28:19,0,72.93.220.105,100,88,1,2021-05-12 08:28:19,R_2saM64hk5MAYzRJ,,,,,41.7548980712890625,-70.71050262451171875,anonymous,EN,1,4,3,5,5,5,4,1,,22,4
2021-05-12 08:28:07,2021-05-12 08:29:29,0,99.102.112.17,100,82,1,2021-05-12 08:29:30,R_uqsZxlzBusyYcHn,,,,,38.432098388671875,-90.3896026611328125,anonymous,EN,1,1,4,4,4,2,4,2,,34,4
2021-05-12 08:30:22,2021-05-12 08:34:11,0,172.56.11.69,100,228,1,2021-05-12 08:34:11,R_DN01Ns9IsOS2uVr,,,,,42.4248046875,-83.195098876953125,anonymous,EN,1,2,2,3,3,3,3,2,,61,3
2021-05-12 08:33:16,2021-05-12 08:34:36,0,96.3.160.17,100,80,1,2021-05-12 08:34:37,R_3ef6zr2zLehr1Xo,,,,,47.77679443359375,-96.59239959716796875,anonymous,EN,1,4,3,3,4,3,5,1,,29,1
2021-05-12 08:36:53,2021-05-12 08:37:43,0,74.109.34.121,100,50,1,2021-05-12 08:37:44,R_2s7QacF1RXDkJ1C,,,,,39.9485931396484375,-75.2339019775390625,anonymous,EN,1,0,0,1,1,6,6,1,,23,4
2021-05-12 08:37:22,2021-05-12 08:38:18,0,71.208.187.123,100,56,1,2021-05-12 08:38:19,R_27IjVtfA6ZTxcNz,,,,,26.6909027099609375,-81.94830322265625,anonymous,EN,1,3,3,3,3,2,3,2,,30,1
2021-05-12 08:39:33,2021-05-12 08:40:42,0,76.98.118.87,100,68,1,2021-05-12 08:40:43,R_25QirAPVhIqKTWF,,,,,40.0377960205078125,-75.06929779052734375,anonymous,EN,1,3,3,3,4,4,4,1,,21,1
2021-05-12 08:38:31,2021-05-12 08:40:43,0,2.26.114.83,100,131,1,2021-05-12 08:40:43,R_33pvS2ibCoHccwN,,,,,51.54150390625,-0.0601043701171875,anonymous,EN,1,1,0,2,2,0,2,2,,36,2
2021-05-12 08:40:19,2021-05-12 08:42:40,0,207.224.177.99,100,141,1,2021-05-12 08:42:40,R_5tguS2VFTbdEAPn,,,,,33.24090576171875,-111.77919769287109375,anonymous,EN,1,3,3,3,3,2,2,1,,42,3
2021-05-12 08:43:19,2021-05-12 08:45:09,0,89.64.68.121,100,109,1,2021-05-12 08:45:09,R_pxuHvqTNPA7dqSJ,,,,,52.2483978271484375,21.002593994140625,anonymous,EN,1,4,4,3,3,3,6,1,,21,1
2021-05-12 08:45:38,2021-05-12 08:46:49,0,107.5.118.209,100,71,1,2021-05-12 08:46:50,R_AGJuHeUry72kvXb,,,,,42.5713043212890625,-83.74859619140625,anonymous,EN,1,3,2,2,3,2,3,2,,20,4
2021-05-12 08:45:58,2021-05-12 08:47:12,0,173.18.182.79,100,73,1,2021-05-12 08:47:12,R_3neg9BQJFlr50G0,,,,,36.802001953125,-87.8285980224609375,anonymous,EN,1,3,3,4,4,4,4,2,,39,1
2021-05-12 08:42:05,2021-05-12 08:49:36,0,130.39.35.167,100,451,1,2021-05-12 08:49:37,R_1fma5GjwhZ2BwAJ,,,,,30.380706787109375,-91.1636962890625,anonymous,EN,1,5,5,3,4,5,3,2,,34,2
2021-05-12 08:49:53,2021-05-12 08:51:00,0,173.28.197.60,100,67,1,2021-05-12 08:51:00,R_2YJsynvuzJS83bf,,,,,41.6343994140625,-91.505401611328125,anonymous,EN,1,2,2,3,2,1,0,1,,37,1
2021-05-12 08:51:32,2021-05-12 08:52:17,0,198.233.227.49,100,45,1,2021-05-12 08:52:17,R_3fpVQcw8I4PqILI,,,,,43.950897216796875,-110.55319976806640625,anonymous,EN,1,3,3,4,4,2,4,1,,25,1
2021-05-12 08:49:16,2021-05-12 08:53:18,0,76.185.102.224,100,241,1,2021-05-12 08:53:18,R_2xYoX1Z2hrGc6ji,,,,,32.8130950927734375,-96.8141021728515625,anonymous,EN,1,1,1,2,4,1,1,1,,27,1
2021-05-12 08:53:09,2021-05-12 08:54:12,0,172.74.31.59,100,63,1,2021-05-12 08:54:12,R_2tQejdA42Ap8jIJ,,,,,35.68280029296875,-78.5977020263671875,anonymous,EN,1,4,3,4,5,4,5,2,,24,4
2021-05-12 08:50:56,2021-05-12 08:54:15,0,47.184.115.63,100,198,1,2021-05-12 08:54:15,R_1loATZXVny7iNdP,,,,,33.238006591796875,-97.1134033203125,anonymous,EN,1,5,6,4,5,4,3,1,,32,1
2021-05-12 08:53:08,2021-05-12 08:54:26,0,76.221.209.152,100,78,1,2021-05-12 08:54:26,R_3PZZ6u25ds3aQKr,,,,,42.2967071533203125,-85.20659637451171875,anonymous,EN,1,0,3,3,3,1,1,3,nonbinary,35,1
2021-05-12 08:54:29,2021-05-12 08:56:36,0,107.211.61.138,100,126,1,2021-05-12 08:56:36,R_1GUYUEeJwiJVtgf,,,,,29.5941925048828125,-98.45909881591796875,anonymous,EN,1,1,4,3,3,3,3,2,,23,4
2021-05-12 08:55:38,2021-05-12 08:58:26,0,69.142.26.13,100,168,1,2021-05-12 08:58:28,R_1floUvSLRCRQnAF,,,,,40.03509521484375,-74.1107025146484375,anonymous,EN,1,1,1,3,3,0,0,2,,63,2
2021-05-12 08:55:46,2021-05-12 08:58:27,0,71.38.28.232,100,161,1,2021-05-12 08:58:28,R_1IRE34r55izQK57,,,,,36.0906982421875,-115.08860015869140625,anonymous,EN,1,4,3,3,3,4,5,2,,58,4
2021-05-12 08:58:43,2021-05-12 09:01:33,0,68.228.191.67,100,169,1,2021-05-12 09:01:33,R_1JPyV5inaSHO8y7,,,,,41.37469482421875,-81.91320037841796875,anonymous,EN,1,4,5,5,5,5,5,2,,58,2
2021-05-12 09:00:52,2021-05-12 09:01:38,0,71.207.32.87,100,45,1,2021-05-12 09:01:38,R_3247YPGtIqH273K,,,,,40.178802490234375,-77.00469970703125,anonymous,EN,1,4,4,4,5,5,5,2,,34,2
2021-05-12 09:00:13,2021-05-12 09:01:51,0,68.189.139.147,100,98,1,2021-05-12 09:01:51,R_29d1GGPPukcQMrA,,,,,46.0594024658203125,-118.3361053466796875,anonymous,EN,1,2,2,2,2,1,3,1,,25,1
2021-05-12 09:00:58,2021-05-12 09:02:18,0,162.196.160.81,100,79,1,2021-05-12 09:02:18,R_OO4a9LUMyRyju2l,,,,,36.0428009033203125,-89.3916015625,anonymous,EN,1,3,1,4,5,3,6,2,,20,4
2021-05-12 09:01:21,2021-05-12 09:03:15,0,67.10.151.59,100,113,1,2021-05-12 09:03:15,R_1eDJDpLNLHywzE3,,,,,26.1649932861328125,-97.98919677734375,anonymous,EN,1,6,0,2,1,0,3,1,,68,1
2021-05-12 09:04:30,2021-05-12 09:05:41,0,173.63.180.76,100,71,1,2021-05-12 09:05:42,R_1H8hCt0Ol5xw0MF,,,,,40.8446044921875,-74.57489776611328125,anonymous,EN,1,4,4,5,5,5,5,2,,61,2
2021-05-12 09:03:57,2021-05-12 09:06:04,0,68.0.163.219,100,126,1,2021-05-12 09:06:04,R_3NCxQrDclEy553w,,,,,31.5402069091796875,-110.266998291015625,anonymous,EN,1,1,1,4,3,1,5,2,,37,4
2021-05-12 09:04:46,2021-05-12 09:06:16,0,156.110.24.142,100,90,1,2021-05-12 09:06:17,R_6inqTgfTgnuwHpT,,,,,35.514404296875,-97.5865020751953125,anonymous,EN,1,6,5,4,4,4,4,1,,30,3
2021-05-12 09:05:33,2021-05-12 09:06:44,0,153.33.114.23,100,71,1,2021-05-12 09:06:44,R_30j9JuLMurCPuiE,,,,,34.0095062255859375,-81.08190155029296875,anonymous,EN,1,4,5,3,4,5,5,1,,22,4
2021-05-12 09:06:40,2021-05-12 09:07:40,0,68.109.165.91,100,60,1,2021-05-12 09:07:40,R_1qgMayO4jNH5eUS,,,,,33.439300537109375,-111.7698974609375,anonymous,EN,1,0,0,0,2,0,0,1,,24,1
2021-05-12 09:06:38,2021-05-12 09:08:11,0,86.6.75.248,100,93,1,2021-05-12 09:08:11,R_2sXde2eW9RTT7BE,,,,,51.58880615234375,-0.0247039794921875,anonymous,EN,1,3,2,3,2,2,4,2,,32,4
2021-05-12 09:07:34,2021-05-12 09:08:44,0,68.50.232.45,100,69,1,2021-05-12 09:08:45,R_1Q5FP2CvK5UkHPi,,,,,41.0977020263671875,-85.1175994873046875,anonymous,EN,1,4,3,3,3,3,3,2,,44,3
2021-05-12 09:06:03,2021-05-12 09:08:55,0,99.28.101.70,100,172,1,2021-05-12 09:08:56,R_2dT0x6szO6dAdT3,,,,,36.0944061279296875,-95.97170257568359375,anonymous,EN,1,2,3,3,2,1,2,1,,54,3
2021-05-12 09:08:30,2021-05-12 09:10:02,0,74.140.6.38,100,92,1,2021-05-12 09:10:03,R_3JL81bz9miIyWN1,,,,,40.0233001708984375,-83.08589935302734375,anonymous,EN,1,5,4,6,5,6,6,2,,24,1
2021-05-12 09:07:52,2021-05-12 09:10:24,0,104.63.23.123,100,151,1,2021-05-12 09:10:24,R_UXE9PejN5H5N0lP,,,,,42.0305023193359375,-88.3780975341796875,anonymous,EN,1,3,2,4,4,0,0,1,,47,3
2021-05-12 09:09:17,2021-05-12 09:10:35,0,70.174.29.232,100,77,1,2021-05-12 09:10:35,R_bvak2Lh68a9RBtL,,,,,36.855804443359375,-76.00420379638671875,anonymous,EN,1,4,4,5,5,4,3,2,,35,3
2021-05-12 09:12:00,2021-05-12 09:12:50,0,71.70.73.101,100,49,1,2021-05-12 09:12:50,R_2fqzCbbD9AhMIvZ,,,,,33.9875030517578125,-81.00250244140625,anonymous,EN,1,5,5,3,3,0,0,4,,40,1
2021-05-12 09:11:15,2021-05-12 09:12:59,0,166.216.158.6,100,104,1,2021-05-12 09:12:59,R_2zr9FU8z5oKVxuz,,,,,38.0662994384765625,-122.165496826171875,anonymous,EN,1,2,2,3,2,0,0,2,,37,4
2021-05-12 09:12:31,2021-05-12 09:13:40,0,73.109.63.23,100,69,1,2021-05-12 09:13:41,R_1ODi9fi0V1Z2OK8,,,,,47.29620361328125,-122.39530181884765625,anonymous,EN,1,2,3,3,3,2,3,2,,42,4
2021-05-12 09:13:27,2021-05-12 09:14:27,0,128.230.139.107,100,59,1,2021-05-12 09:14:28,R_1g7ukN9K0cxNGVs,,,,,43.039093017578125,-76.1277008056640625,anonymous,EN,1,4,3,3,3,2,3,1,,19,1
2021-05-12 09:14:25,2021-05-12 09:15:13,0,98.113.90.85,100,47,1,2021-05-12 09:15:13,R_2RVOZBMnqV0u3iO,,,,,40.69940185546875,-73.88829803466796875,anonymous,EN,1,3,2,2,3,2,2,2,,31,1
2021-05-12 09:11:17,2021-05-12 09:15:24,0,174.236.5.59,100,247,1,2021-05-12 09:15:24,R_qLrCsAq57zJImAh,,,,,35.5688934326171875,-97.5254974365234375,anonymous,EN,1,2,2,3,2,1,3,2,,46,1
2021-05-12 09:14:25,2021-05-12 09:15:37,0,70.124.148.137,100,71,1,2021-05-12 09:15:37,R_1C8tXSonSMLkZ4A,,,,,30.4031982421875,-97.75299835205078125,anonymous,EN,1,3,3,2,3,2,3,2,,26,4
2021-05-12 09:15:36,2021-05-12 09:16:41,0,67.253.118.137,100,65,1,2021-05-12 09:16:42,R_3HAcVIrBBRamVc8,,,,,44.0937957763671875,-70.2368011474609375,anonymous,EN,1,4,4,3,3,3,5,2,,53,1
2021-05-12 09:16:23,2021-05-12 09:16:58,0,76.116.9.184,100,35,1,2021-05-12 09:16:59,R_2wsfqmONOKjyObP,,,,,40.648406982421875,-74.82450103759765625,anonymous,EN,1,4,4,4,4,5,4,2,,18,1
2021-05-12 09:17:48,2021-05-12 09:18:54,0,71.112.217.38,100,66,1,2021-05-12 09:18:55,R_1dnuGfmEwOx0FOP,,,,,40.462493896484375,-79.94609832763671875,anonymous,EN,1,3,3,3,3,4,4,1,,32,3
2021-05-12 09:18:47,2021-05-12 09:19:50,0,35.129.169.68,100,62,1,2021-05-12 09:19:50,R_2WDttZvAPB4IXX1,,,,,33.616302490234375,-84.29450225830078125,anonymous,EN,1,6,6,3,3,6,5,1,,23,3
2021-05-12 09:19:25,2021-05-12 09:20:15,0,174.96.181.132,100,50,1,2021-05-12 09:20:16,R_XXvxnn0Nqdy7m7v,,,,,38.2523956298828125,-85.7666015625,anonymous,EN,1,4,4,4,4,4,4,1,,42,3
2021-05-12 09:19:40,2021-05-12 09:21:18,0,66.188.64.190,100,97,1,2021-05-12 09:21:18,R_3iK1zmlzGBJBg3s,,,,,33.532501220703125,-83.85469818115234375,anonymous,EN,1,4,4,4,4,4,5,2,,22,1
2021-05-12 09:20:19,2021-05-12 09:21:51,0,174.230.138.4,100,92,1,2021-05-12 09:21:51,R_veEJrG6H5I70kyR,,,,,42.8175048828125,-85.518096923828125,anonymous,EN,1,3,3,4,4,3,4,2,,52,1
2021-05-12 09:21:24,2021-05-12 09:22:07,0,85.28.84.242,100,42,1,2021-05-12 09:22:07,R_2U6mAdqNWaw6IXV,,,,,50.8533935546875,4.3470001220703125,anonymous,EN,1,1,4,3,2,3,5,1,,26,1
2021-05-12 09:21:57,2021-05-12 09:23:45,0,173.53.114.121,100,107,1,2021-05-12 09:23:46,R_eG7nd542XAdfc2J,,,,,37.58050537109375,-77.52089691162109375,anonymous,EN,1,4,4,3,3,5,4,2,,43,4
2021-05-12 09:22:09,2021-05-12 09:23:50,0,137.103.92.241,100,100,1,2021-05-12 09:23:50,R_3m8Iu4b0qeW0iSw,,,,,38.936798095703125,-76.34709930419921875,anonymous,EN,1,4,4,3,3,1,2,2,,31,1
2021-05-12 09:17:37,2021-05-12 09:24:14,0,75.44.64.66,100,396,1,2021-05-12 09:24:14,R_2ZEPFDlaBHPertc,,,,,33.0950927734375,-96.88050079345703125,anonymous,EN,1,3,4,2,4,4,3,1,,23,2
2021-05-12 09:23:16,2021-05-12 09:24:41,0,70.127.179.220,100,84,1,2021-05-12 09:24:42,R_pR8MjVvCBjK8dbj,,,,,28.0699005126953125,-81.810699462890625,anonymous,EN,1,4,3,4,4,4,6,2,,32,1
2021-05-12 09:24:21,2021-05-12 09:25:33,0,209.251.157.146,100,72,1,2021-05-12 09:25:33,R_yqkan1MecZYgXVn,,,,,29.613800048828125,-82.3860015869140625,anonymous,EN,1,3,3,4,4,5,5,1,,32,1
2021-05-12 09:23:06,2021-05-12 09:25:36,0,65.35.129.229,100,149,1,2021-05-12 09:25:37,R_24dv4zl5dQ2BbQP,,,,,28.1147003173828125,-82.3677978515625,anonymous,EN,1,3,4,4,5,5,6,2,,39,2
2021-05-12 09:26:11,2021-05-12 09:27:04,0,172.58.220.179,100,52,1,2021-05-12 09:27:04,R_1i5xWGXLoDgyDG0,,,,,42.356201171875,-71.06310272216796875,anonymous,EN,1,3,3,3,2,0,0,2,,34,1
2021-05-12 09:25:35,2021-05-12 09:27:13,0,97.114.68.71,100,97,1,2021-05-12 09:27:13,R_2qekdaJMNj9KFnX,,,,,34.9463958740234375,-92.03220367431640625,anonymous,EN,1,5,5,5,5,5,6,1,,32,4
2021-05-12 09:25:29,2021-05-12 09:27:57,0,51.148.170.152,100,147,1,2021-05-12 09:27:57,R_1l9QZqRHGabGabI,,,,,51.5095062255859375,-0.0955047607421875,anonymous,EN,1,0,0,1,1,0,0,2,,36,4
2021-05-12 09:15:13,2021-05-12 09:28:00,0,189.186.124.120,100,766,1,2021-05-12 09:28:00,R_1ogUcr9p0azGLrA,,,,,24.566802978515625,-107.38430023193359375,anonymous,EN,1,1,1,2,2,1,3,1,,28,4
2021-05-12 09:29:54,2021-05-12 09:30:47,0,108.212.241.77,100,53,1,2021-05-12 09:30:47,R_2B9YVUyqcyNCTI2,,,,,34.130096435546875,-117.20439910888671875,anonymous,EN,1,3,3,3,4,4,4,1,,23,1
2021-05-12 09:30:39,2021-05-12 09:31:28,0,50.52.186.172,100,48,1,2021-05-12 09:31:28,R_1EcJiKhF5B5W056,,,,,36.0229034423828125,-78.94640350341796875,anonymous,EN,1,5,5,4,5,5,6,2,,27,4
2021-05-12 09:29:38,2021-05-12 09:31:42,0,71.131.77.42,100,124,1,2021-05-12 09:31:43,R_25EjwGlYzO9rPll,,,,,41.6226959228515625,-86.24520111083984375,anonymous,EN,1,6,4,3,5,5,5,1,,35,3
2021-05-12 09:31:51,2021-05-12 09:33:22,0,88.199.23.100,100,90,1,2021-05-12 09:33:22,R_2QQGS9OMTxtjcwZ,,,,,51.13909912109375,16.9875946044921875,anonymous,EN,1,4,4,3,3,5,6,2,,25,4
2021-05-12 09:31:47,2021-05-12 09:34:49,0,75.190.168.50,100,181,1,2021-05-12 09:34:49,R_246pjAcOHeaMhUh,,,,,35.9824981689453125,-78.53759765625,anonymous,EN,1,2,2,3,3,4,4,1,,31,1
2021-05-12 09:33:18,2021-05-12 09:35:12,0,71.198.78.38,100,114,1,2021-05-12 09:35:12,R_xDjUwTmfqVYp91T,,,,,36.591796875,-121.9430999755859375,anonymous,EN,1,2,3,4,4,3,6,2,,34,4
2021-05-12 09:35:33,2021-05-12 09:36:43,0,73.86.72.47,100,70,1,2021-05-12 09:36:43,R_2EcuUdeAhZKMlqQ,,,,,38.886505126953125,-77.09110260009765625,anonymous,EN,1,5,3,5,5,3,5,1,,26,1
2021-05-12 09:36:20,2021-05-12 09:37:23,0,107.77.224.126,100,62,1,2021-05-12 09:37:23,R_3I9UsqGLXbfRHrr,,,,,40.831207275390625,-73.90670013427734375,anonymous,EN,1,4,2,4,3,4,2,1,,22,1
2021-05-12 09:36:23,2021-05-12 09:37:43,0,108.29.99.146,100,80,1,2021-05-12 09:37:43,R_3KBdr7Vd1jQsh3L,,,,,40.768096923828125,-73.8291015625,anonymous,EN,1,3,3,4,4,3,3,1,,33,1
2021-05-12 09:37:02,2021-05-12 09:37:52,0,162.155.21.178,100,50,1,2021-05-12 09:37:52,R_3ly2yTfC4Fhf4kG,,,,,38.177398681640625,-85.52089691162109375,anonymous,EN,1,2,1,2,1,1,1,2,,35,4
2021-05-12 09:37:35,2021-05-12 09:38:44,0,47.33.68.62,100,69,1,2021-05-12 09:38:45,R_1plr9Y3A9lWkWCE,,,,,33.9225006103515625,-117.5471954345703125,anonymous,EN,1,4,5,5,5,5,6,1,,20,1
2021-05-12 09:37:30,2021-05-12 09:39:42,0,76.188.113.10,100,131,1,2021-05-12 09:39:42,R_3syMWmXwWAru4xm,,,,,41.03900146484375,-81.73809814453125,anonymous,EN,1,3,4,4,3,3,3,2,,45,4
2021-05-12 09:39:19,2021-05-12 09:40:51,0,75.137.209.88,100,92,1,2021-05-12 09:40:52,R_1NriDDptAs3cD3y,,,,,33.7386016845703125,-86.43939971923828125,anonymous,EN,1,6,6,4,4,6,6,1,,38,2
2021-05-12 09:40:05,2021-05-12 09:41:58,0,68.231.28.222,100,113,1,2021-05-12 09:41:58,R_21psuc0HGWcFN4X,,,,,33.19219970703125,-111.53179931640625,anonymous,EN,1,3,3,1,2,3,3,1,,76,4
2021-05-12 09:41:06,2021-05-12 09:42:03,0,98.194.68.110,100,56,1,2021-05-12 09:42:03,R_BsocupUgT5TcCzL,,,,,29.6287994384765625,-95.43689727783203125,anonymous,EN,1,6,6,6,6,6,6,2,,38,2
2021-05-12 09:42:30,2021-05-12 09:43:34,0,104.136.108.114,100,64,1,2021-05-12 09:43:34,R_6sdU4Nvw9dGXueJ,,,,,28.493194580078125,-81.28780364990234375,anonymous,EN,1,4,5,5,5,5,6,1,,21,3
2021-05-12 09:43:36,2021-05-12 09:45:07,0,172.56.11.164,100,91,1,2021-05-12 09:45:07,R_271XnxOs4TABsrK,,,,,42.4248046875,-83.195098876953125,anonymous,EN,1,3,3,3,4,3,3,2,,38,4
2021-05-12 09:44:51,2021-05-12 09:45:16,0,65.51.167.98,100,24,1,2021-05-12 09:45:16,R_2co6CTw7k9RuNSa,,,,,40.941192626953125,-73.9644012451171875,anonymous,EN,1,3,4,4,3,4,5,1,,28,1
2021-05-12 09:45:34,2021-05-12 09:46:38,0,98.209.117.6,100,63,1,2021-05-12 09:46:38,R_3knNGdHnPKA7KDO,,,,,42.306793212890625,-83.705902099609375,anonymous,EN,1,1,0,1,1,3,2,2,,23,1
2021-05-12 09:45:17,2021-05-12 09:47:04,0,94.61.55.251,100,107,1,2021-05-12 09:47:04,R_2SHqyGkzyDbZM96,,,,,40.2057037353515625,-8.421295166015625,anonymous,EN,1,3,4,5,5,5,6,1,,38,1
2021-05-12 09:46:27,2021-05-12 09:47:41,0,107.77.225.17,100,74,1,2021-05-12 09:47:41,R_2PhigqVkGGjH2XE,,,,,40.76519775390625,-73.95880126953125,anonymous,EN,1,6,4,4,4,4,6,2,,49,1
2021-05-12 09:44:13,2021-05-12 09:47:41,0,208.53.100.72,100,208,1,2021-05-12 09:47:42,R_3NPvGKolbFxpJKo,,,,,47.53289794921875,-122.58010101318359375,anonymous,EN,1,2,1,2,3,2,1,1,,29,1
2021-05-12 09:43:33,2021-05-12 09:48:09,0,71.209.109.61,100,276,1,2021-05-12 09:48:10,R_3FVtXSfjHnGzp44,,,,,30.5218048095703125,-84.262603759765625,anonymous,EN,1,2,3,3,2,5,6,1,,18,4
2021-05-12 09:47:43,2021-05-12 09:48:59,0,67.255.221.66,100,75,1,2021-05-12 09:48:59,R_2EFfrQKS23E0AOc,,,,,44.1864013671875,-70.1461029052734375,anonymous,EN,1,3,1,3,3,2,2,1,,48,4
2021-05-12 09:46:31,2021-05-12 09:49:07,0,174.26.78.34,100,155,1,2021-05-12 09:49:07,R_3oTjmaQZEZUEnXL,,,,,33.591705322265625,-112.11309814453125,anonymous,EN,1,3,3,2,2,4,6,2,,41,1
2021-05-12 09:48:48,2021-05-12 09:50:00,0,73.67.186.97,100,72,1,2021-05-12 09:50:00,R_3NVQ05NPFqudCu8,,,,,45.712005615234375,-122.6322021484375,anonymous,EN,1,0,1,2,1,0,0,2,,36,4
2021-05-12 09:49:13,2021-05-12 09:50:48,0,172.58.38.149,100,94,1,2021-05-12 09:50:48,R_AEurGqNhmaAELVD,,,,,38.6157073974609375,-121.5052947998046875,anonymous,EN,1,2,3,3,3,1,0,1,,34,1
2021-05-12 09:48:48,2021-05-12 09:51:07,0,74.214.45.48,100,138,1,2021-05-12 09:51:07,R_3P5nb2faQdq0RPh,,,,,38.2821044921875,-77.1305999755859375,anonymous,EN,1,3,3,3,3,2,2,2,,56,2
2021-05-12 09:50:35,2021-05-12 09:51:22,0,47.185.89.34,100,47,1,2021-05-12 09:51:23,R_ehQgnWWV6KLoz1T,,,,,32.932098388671875,-97.2834014892578125,anonymous,EN,1,4,5,5,5,6,6,2,,39,1
2021-05-12 09:50:31,2021-05-12 09:51:46,0,74.122.77.124,100,75,1,2021-05-12 09:51:47,R_0wCTeCy7MXMRlHX,,,,,40.394195556640625,-111.848297119140625,anonymous,EN,1,2,1,1,1,2,4,1,,27,3
2021-05-12 09:51:05,2021-05-12 09:52:39,0,93.105.177.176,100,93,1,2021-05-12 09:52:39,R_oZ6mcoi7wCdji0N,,,,,52.2483978271484375,21.002593994140625,anonymous,EN,1,2,2,1,1,0,0,1,,21,4
2021-05-12 09:52:49,2021-05-12 09:53:45,0,104.129.194.128,100,56,1,2021-05-12 09:53:46,R_tJO1cQRkHH04jg5,,,,,38.9281005859375,-77.26540374755859375,anonymous,EN,1,6,6,3,3,1,3,1,,23,1
2021-05-12 09:53:51,2021-05-12 09:54:54,0,62.205.228.221,100,62,1,2021-05-12 09:54:54,R_2QLCYFlNXVoXQRZ,,,,,55.8822021484375,26.52679443359375,anonymous,EN,1,2,4,6,6,5,6,2,,18,4
2021-05-12 09:53:52,2021-05-12 09:55:25,0,50.249.198.233,100,92,1,2021-05-12 09:55:25,R_0kVk8Rh9yrMgqRj,,,,,41.45489501953125,-87.06130218505859375,anonymous,EN,1,6,6,4,4,5,4,1,,41,2
2021-05-12 09:52:28,2021-05-12 09:55:29,0,12.221.146.27,100,181,1,2021-05-12 09:55:29,R_2PkdBE9x1jJgEBP,,,,,37.751007080078125,-97.82199859619140625,anonymous,EN,1,4,5,4,3,4,4,1,,30,3
2021-05-12 09:54:41,2021-05-12 09:55:33,0,98.201.3.215,100,52,1,2021-05-12 09:55:33,R_2CfvAEpwjVQijOk,,,,,29.64599609375,-95.80229949951171875,anonymous,EN,1,4,4,5,5,5,5,1,,34,3
2021-05-12 09:54:44,2021-05-12 09:55:37,0,74.230.115.76,100,52,1,2021-05-12 09:55:37,R_3Rrzr4tIIOZZ3mT,,,,,33.8979034423828125,-86.02449798583984375,anonymous,EN,1,4,3,1,1,1,0,1,,21,1
2021-05-12 09:55:36,2021-05-12 09:56:35,0,69.251.32.129,100,59,1,2021-05-12 09:56:36,R_1OPLlkfGvzo1MHc,,,,,39.0679931640625,-76.9933013916015625,anonymous,EN,1,4,4,3,3,2,4,2,,35,2
2021-05-12 09:51:44,2021-05-12 09:56:45,0,172.0.42.160,100,301,1,2021-05-12 09:56:46,R_1Fa1aXRELAAoydA,,,,,34.87750244140625,-92.22650146484375,anonymous,EN,1,4,4,4,4,3,6,1,,20,4
2021-05-12 09:56:14,2021-05-12 09:57:43,0,134.228.213.17,100,89,1,2021-05-12 09:57:43,R_273uFL8pyiWps2T,,,,,41.7030029296875,-83.5709991455078125,anonymous,EN,1,4,3,4,4,2,2,2,,22,4
2021-05-12 09:56:47,2021-05-12 09:58:01,0,142.190.2.114,100,74,1,2021-05-12 09:58:02,R_43q2bLcNV7ar8nn,,,,,31.3079986572265625,-89.306396484375,anonymous,EN,1,1,1,4,4,0,2,1,,49,3
2021-05-12 09:57:19,2021-05-12 09:58:09,0,173.162.188.41,100,49,1,2021-05-12 09:58:09,R_3EZlFOIRm8mkjI7,,,,,42.2902984619140625,-71.079803466796875,anonymous,EN,1,4,3,4,3,4,4,1,,32,1
2021-05-12 09:56:50,2021-05-12 09:58:18,0,76.118.243.183,100,88,1,2021-05-12 09:58:19,R_1hWMQUGhOv7Q9u8,,,,,42.0507965087890625,-72.56719970703125,anonymous,EN,1,4,4,5,5,5,5,1,,33,1
2021-05-12 09:57:26,2021-05-12 09:58:39,0,68.46.172.32,100,73,1,2021-05-12 09:58:40,R_UDE6S9u68lHbwC5,,,,,42.270904541015625,-83.72679901123046875,anonymous,EN,1,3,3,3,3,2,4,2,,27,2
2021-05-12 09:58:13,2021-05-12 09:59:52,0,75.72.162.198,100,98,1,2021-05-12 09:59:52,R_2YSp8Q0eyLkIR0c,,,,,45.0196075439453125,-93.24019622802734375,anonymous,EN,1,5,5,6,6,5,4,1,,27,1
2021-05-12 09:59:10,2021-05-12 10:00:13,0,98.10.141.84,100,63,1,2021-05-12 10:00:14,R_qWuwa8jFd1BzOIF,,,,,43.2158966064453125,-78.07309722900390625,anonymous,EN,1,4,5,6,6,6,6,2,,31,2
2021-05-12 10:00:19,2021-05-12 10:00:44,0,73.25.222.77,100,24,1,2021-05-12 10:00:44,R_1gTNb2qiudL32bU,,,,,45.5471954345703125,-122.64170074462890625,anonymous,EN,1,6,6,5,5,3,2,1,,23,1
2021-05-12 10:00:44,2021-05-12 10:01:46,0,75.188.101.220,100,62,1,2021-05-12 10:01:46,R_2TuxYQet86d7D7d,,,,,39.3184051513671875,-82.1011962890625,anonymous,EN,1,4,4,4,4,4,4,1,,34,3
2021-05-12 09:59:51,2021-05-12 10:01:48,0,73.82.126.235,100,116,1,2021-05-12 10:01:48,R_33vdZ3Mb8a27Pfc,,,,,33.7227935791015625,-83.99759674072265625,anonymous,EN,1,4,4,3,4,4,4,1,,61,2
2021-05-12 10:00:45,2021-05-12 10:02:19,0,184.15.167.64,100,94,1,2021-05-12 10:02:19,R_3KrRtdEKOZZoBVn,,,,,39.3800048828125,-80.3634033203125,anonymous,EN,1,1,3,4,4,0,0,2,,44,4
2021-05-12 10:01:39,2021-05-12 10:02:50,0,153.33.56.21,100,71,1,2021-05-12 10:02:50,R_W8nxZ8dIqB3DRAd,,,,,28.5879058837890625,-81.22640228271484375,anonymous,EN,1,3,3,3,3,0,0,2,,19,4
2021-05-12 10:02:10,2021-05-12 10:03:16,0,74.193.11.50,100,65,1,2021-05-12 10:03:16,R_20Nj2SFLCbLtC8M,,,,,30.4521942138671875,-95.70999908447265625,anonymous,EN,1,4,4,3,3,3,4,2,,34,4
2021-05-12 10:02:06,2021-05-12 10:03:17,0,174.82.231.89,100,70,1,2021-05-12 10:03:17,R_qJXRaPkImNpbDGh,,,,,43.034393310546875,-89.500701904296875,anonymous,EN,1,2,3,4,4,4,6,2,,36,4
2021-05-12 10:02:31,2021-05-12 10:03:51,0,184.58.170.172,100,80,1,2021-05-12 10:03:51,R_SHwrxZbwYQ5GO0F,,,,,43.238006591796875,-87.98940277099609375,anonymous,EN,1,4,5,3,3,4,4,1,,36,3
2021-05-12 10:03:11,2021-05-12 10:05:03,0,75.166.25.123,100,111,1,2021-05-12 10:05:03,R_1ibdJBK5xPHSDm0,,,,,39.7743988037109375,-105.097198486328125,anonymous,EN,1,1,3,2,2,1,1,2,,28,1
2021-05-12 10:04:51,2021-05-12 10:06:08,0,66.66.198.200,100,77,1,2021-05-12 10:06:09,R_1rIUSIu5bf0Han1,,,,,43.018798828125,-76.16500091552734375,anonymous,EN,1,3,4,3,4,1,1,1,,46,4
2021-05-12 10:03:56,2021-05-12 10:06:26,0,71.175.38.238,100,149,1,2021-05-12 10:06:26,R_1K86MEOYgapBNOL,,,,,40.0417022705078125,-75.02100372314453125,anonymous,EN,1,3,3,3,3,3,4,1,,37,1
2021-05-12 10:06:53,2021-05-12 10:07:25,0,139.55.112.96,100,31,1,2021-05-12 10:07:26,R_1pyXOAFSIVR81PY,,,,,37.1504058837890625,-84.522796630859375,anonymous,EN,1,3,4,4,4,3,5,1,,30,2
2021-05-12 10:05:57,2021-05-12 10:08:09,0,73.186.40.149,100,132,1,2021-05-12 10:08:10,R_1meFoVL8fppIFpw,,,,,42.8574981689453125,-72.59400177001953125,anonymous,EN,1,3,3,2,2,2,1,1,,57,4
2021-05-12 10:06:44,2021-05-12 10:08:25,0,65.60.245.196,100,101,1,2021-05-12 10:08:25,R_V42M61IbBme2zFD,,,,,39.9530029296875,-83.07669830322265625,anonymous,EN,1,0,2,4,1,1,2,2,,36,4
2021-05-12 10:08:06,2021-05-12 10:08:42,0,76.29.20.203,100,35,1,2021-05-12 10:08:42,R_06PiP5B646tzS2B,,,,,42.03070068359375,-87.810699462890625,anonymous,EN,1,4,3,4,3,1,1,1,,24,1
2021-05-12 10:08:06,2021-05-12 10:08:47,0,172.58.157.101,100,41,1,2021-05-12 10:08:47,R_3Ht9qYhXkFMyCv7,,,,,35.2227020263671875,-80.79380035400390625,anonymous,EN,1,2,2,3,3,2,2,1,,24,3
2021-05-12 10:09:28,2021-05-12 10:10:55,0,174.196.193.65,100,87,1,2021-05-12 10:10:55,R_1dAcgep4jgwWNWR,,,,,42.27960205078125,-71.12819671630859375,anonymous,EN,1,3,3,4,4,2,2,1,,31,1
2021-05-12 10:08:03,2021-05-12 10:11:02,0,80.180.71.134,100,179,1,2021-05-12 10:11:03,R_3iWiFefz9nwRNbl,,,,,44.7989959716796875,10.323394775390625,anonymous,EN,1,4,4,5,5,6,5,2,,71,4
2021-05-12 10:05:59,2021-05-12 10:11:23,0,75.183.20.45,100,324,1,2021-05-12 10:11:23,R_W1EKwGhvcKnCWmR,,,,,36.0019989013671875,-80.000396728515625,anonymous,EN,1,1,1,0,0,0,1,1,,40,2
2021-05-12 10:09:15,2021-05-12 10:11:28,0,73.145.236.218,100,133,1,2021-05-12 10:11:29,R_3Oq3KeuQAGayqzT,,,,,42.615997314453125,-83.9250030517578125,anonymous,EN,1,2,1,1,1,0,3,2,,70,1
2021-05-12 10:10:39,2021-05-12 10:11:33,0,174.109.86.104,100,53,1,2021-05-12 10:11:33,R_2Cljd3NUxVfhKoU,,,,,36.0229034423828125,-78.94640350341796875,anonymous,EN,1,0,0,2,2,0,0,2,,27,1
2021-05-12 10:11:03,2021-05-12 10:12:31,0,24.30.110.246,100,88,1,2021-05-12 10:12:32,R_24i2S8oGT0FfBEQ,,,,,33.934906005859375,-84.3921966552734375,anonymous,EN,1,4,4,3,3,2,2,1,,52,1
2021-05-12 10:11:01,2021-05-12 10:12:52,0,47.150.180.163,100,111,1,2021-05-12 10:12:53,R_3lJqYD8f6Q99zuY,,,,,34.747100830078125,-118.3686981201171875,anonymous,EN,1,3,3,3,5,5,1,2,,55,4
2021-05-12 10:12:07,2021-05-12 10:13:46,0,107.77.227.237,100,99,1,2021-05-12 10:13:46,R_78NVQi8nG3r7J2F,,,,,34.0543975830078125,-118.2440032958984375,anonymous,EN,1,4,4,3,3,4,4,1,,36,1
2021-05-12 10:12:47,2021-05-12 10:14:14,0,50.100.111.110,100,86,1,2021-05-12 10:14:14,R_2c0bFoma78iq9VJ,,,,,45.4893035888671875,-73.57399749755859375,anonymous,EN,1,4,3,3,3,5,5,1,,28,4
2021-05-12 10:13:03,2021-05-12 10:14:16,0,72.83.111.52,100,72,1,2021-05-12 10:14:16,R_27BYVtfV44rDTIy,,,,,39.11810302734375,-76.839599609375,anonymous,EN,1,3,3,1,2,1,4,2,,32,1
2021-05-12 10:13:37,2021-05-12 10:14:43,0,2.104.100.106,100,66,1,2021-05-12 10:14:44,R_ZE3sOzeBC53K7lv,,,,,55.6396942138671875,12.08740234375,anonymous,EN,1,5,4,4,4,4,6,2,,27,4
2021-05-12 10:13:56,2021-05-12 10:14:56,0,5.68.14.210,100,60,1,2021-05-12 10:14:57,R_3PuHF9PDiIXFgT7,,,,,52.3325042724609375,-0.1844024658203125,anonymous,EN,1,4,4,3,3,4,4,2,,34,3
2021-05-12 10:14:16,2021-05-12 10:15:03,0,141.152.45.13,100,46,1,2021-05-12 10:15:03,R_1jIeQ6jDxjsH3Xp,,,,,37.5536956787109375,-77.46019744873046875,anonymous,EN,1,2,2,3,3,2,4,1,,28,1
2021-05-12 10:14:36,2021-05-12 10:15:35,0,75.114.33.178,100,59,1,2021-05-12 10:15:35,R_3dS0897gcZ9eSCL,,,,,33.546295166015625,-86.6631011962890625,anonymous,EN,1,4,3,4,4,3,3,1,,29,3
2021-05-12 10:13:25,2021-05-12 10:15:35,0,76.230.224.138,100,130,1,2021-05-12 10:15:35,R_0vJobSxTWOeKOLn,,,,,34.00140380859375,-84.01439666748046875,anonymous,EN,1,6,6,5,5,6,6,1,,54,2
2021-05-12 10:13:57,2021-05-12 10:15:46,0,67.84.80.184,100,108,1,2021-05-12 10:15:46,R_2ALL4pEdCWGi4Ei,,,,,40.622100830078125,-73.9810028076171875,anonymous,EN,1,6,3,4,4,4,4,1,,23,3
2021-05-12 10:14:27,2021-05-12 10:16:09,0,97.86.57.34,100,102,1,2021-05-12 10:16:10,R_1roktCPTZ4Ea9Do,,,,,33.6454010009765625,-86.7014007568359375,anonymous,EN,1,2,3,1,2,0,0,2,,65,4
2021-05-12 10:15:49,2021-05-12 10:16:50,0,96.231.214.201,100,60,1,2021-05-12 10:16:50,R_3EQ0XUnGWCxTZlS,,,,,39.0850982666015625,-77.05899810791015625,anonymous,EN,1,2,4,3,3,3,5,2,,19,1
2021-05-12 10:13:34,2021-05-12 10:16:54,0,97.34.129.47,100,199,1,2021-05-12 10:16:54,R_abf62RDpmJToAV3,,,,,37.751007080078125,-97.82199859619140625,anonymous,EN,1,3,3,5,5,5,5,2,,26,4
2021-05-12 10:15:15,2021-05-12 10:17:11,0,184.75.144.48,100,116,1,2021-05-12 10:17:11,R_2dhDrkmhAT4YA3m,,,,,42.6968994140625,-84.5464019775390625,anonymous,EN,1,4,5,4,5,3,2,1,,24,1
2021-05-12 10:16:54,2021-05-12 10:17:57,0,73.229.36.148,100,63,1,2021-05-12 10:17:58,R_1j9UiuNZfDVsRBQ,,,,,38.789306640625,-104.8220977783203125,anonymous,EN,1,2,1,3,3,1,1,1,,28,3
2021-05-12 10:15:59,2021-05-12 10:17:59,0,67.43.209.3,100,120,1,2021-05-12 10:17:59,R_1OiQwQaDME3XRO4,,,,,41.100006103515625,-102.451202392578125,anonymous,EN,1,1,0,2,1,0,3,2,,39,3
2021-05-12 10:16:31,2021-05-12 10:18:05,0,71.80.211.63,100,93,1,2021-05-12 10:18:05,R_2QJxZighTV67Lbl,,,,,39.4987030029296875,-119.8202056884765625,anonymous,EN,1,2,1,3,3,4,5,1,,48,1
2021-05-12 10:16:38,2021-05-12 10:18:21,0,76.200.224.227,100,102,1,2021-05-12 10:18:21,R_R3mTU6qXiXRCXnP,,,,,33.6526947021484375,-117.59529876708984375,anonymous,EN,1,5,5,3,4,5,4,1,,20,4
2021-05-12 10:16:58,2021-05-12 10:18:47,0,107.77.192.201,100,109,1,2021-05-12 10:18:48,R_pmTL6tV7dEhYc1j,,,,,42.3701934814453125,-83.1083984375,anonymous,EN,1,0,1,0,0,0,2,2,,23,1
2021-05-12 10:19:03,2021-05-12 10:20:05,0,69.127.14.72,100,62,1,2021-05-12 10:20:05,R_BJSMDNvJlQQeUal,,,,,40.8881072998046875,-73.841400146484375,anonymous,EN,1,4,5,5,3,5,6,1,,22,1
2021-05-12 10:19:32,2021-05-12 10:20:27,0,67.168.137.155,100,54,1,2021-05-12 10:20:27,R_2QxpOCVtg11rBOg,,,,,47.14349365234375,-122.1678009033203125,anonymous,EN,1,1,2,3,5,3,2,1,,29,1
2021-05-12 10:18:36,2021-05-12 10:20:27,0,76.21.182.84,100,111,1,2021-05-12 10:20:28,R_2eOO5Hp2L20EgFb,,,,,38.3791961669921875,-75.63069915771484375,anonymous,EN,1,1,1,3,3,1,1,2,,49,4
2021-05-12 10:19:32,2021-05-12 10:20:29,0,70.181.120.209,100,57,1,2021-05-12 10:20:30,R_a30pSkcgWiUi157,,,,,33.567901611328125,-117.7046051025390625,anonymous,EN,1,2,2,3,2,0,0,1,,37,1
2021-05-12 10:20:00,2021-05-12 10:20:35,0,73.253.58.210,100,35,1,2021-05-12 10:20:36,R_2fD8fb3rQR9iZu6,,,,,41.8314971923828125,-72.7198028564453125,anonymous,EN,1,4,4,4,4,3,3,2,,22,1
2021-05-12 10:17:38,2021-05-12 10:20:38,0,97.103.161.84,100,180,1,2021-05-12 10:20:39,R_3Mur0Nd73JzVRfR,,,,,28.33270263671875,-80.6147003173828125,anonymous,EN,1,5,4,4,3,3,3,1,,62,1
2021-05-12 10:19:31,2021-05-12 10:21:08,0,50.83.191.154,100,96,1,2021-05-12 10:21:09,R_3qkW6jlHm5VwFcC,,,,,41.536895751953125,-93.6219024658203125,anonymous,EN,1,5,4,4,4,6,4,2,,48,4
2021-05-12 10:20:53,2021-05-12 10:21:48,0,174.198.3.197,100,55,1,2021-05-12 10:21:49,R_3NUTr2Cj5CTj9cW,,,,,40.07110595703125,-75.20510101318359375,anonymous,EN,1,4,5,5,4,5,5,1,,29,1
2021-05-12 10:21:20,2021-05-12 10:22:23,0,173.66.228.217,100,63,1,2021-05-12 10:22:23,R_pgux939dabfBB61,,,,,38.749298095703125,-77.49179840087890625,anonymous,EN,1,3,3,3,2,3,5,1,,24,4
2021-05-12 10:21:28,2021-05-12 10:22:53,0,64.188.186.9,100,84,1,2021-05-12 10:22:53,R_yD3aJcSBbkwBNFD,,,,,40.3957061767578125,-120.6461029052734375,anonymous,EN,1,4,4,3,3,4,4,2,,66,4
2021-05-12 10:22:24,2021-05-12 10:23:07,0,104.35.225.116,100,43,1,2021-05-12 10:23:08,R_31duxCKt8K5JhVy,,,,,34.10040283203125,-118.2946014404296875,anonymous,EN,1,0,0,0,0,6,2,2,,23,1
2021-05-12 10:22:51,2021-05-12 10:24:05,0,24.249.82.202,100,74,1,2021-05-12 10:24:05,R_3oBHqjTitczyorX,,,,,30.486297607421875,-87.18289947509765625,anonymous,EN,1,3,3,2,2,1,0,2,,49,4
2021-05-12 10:23:19,2021-05-12 10:24:11,0,76.106.106.159,100,51,1,2021-05-12 10:24:11,R_3rJwyZdA5c0sRuC,,,,,38.6074981689453125,-76.6045989990234375,anonymous,EN,1,5,6,5,5,4,4,1,,23,4
2021-05-12 10:23:00,2021-05-12 10:25:02,0,162.233.156.162,100,121,1,2021-05-12 10:25:02,R_URvvGPq5tw08ZB7,,,,,41.9409027099609375,-87.6531982421875,anonymous,EN,1,1,1,3,3,0,0,2,,42,1
2021-05-12 10:24:18,2021-05-12 10:25:18,0,73.61.111.67,100,59,1,2021-05-12 10:25:18,R_3nUBhp19pKxBWqI,,,,,43.1887969970703125,-70.88680267333984375,anonymous,EN,1,2,2,2,2,1,0,1,,47,1
2021-05-12 10:23:44,2021-05-12 10:25:43,0,158.115.184.137,100,118,1,2021-05-12 10:25:43,R_3foxAa3e6ChlIqY,,,,,33.6183013916015625,-80.2126007080078125,anonymous,EN,1,2,2,3,3,4,4,1,,42,1
2021-05-12 10:24:35,2021-05-12 10:26:22,0,24.13.187.229,100,106,1,2021-05-12 10:26:22,R_1NxjS2ukQN1DQfS,,,,,41.9459991455078125,-87.70330047607421875,anonymous,EN,1,3,4,4,4,4,6,1,,38,3
2021-05-12 10:25:17,2021-05-12 10:26:33,0,172.58.33.137,100,75,1,2021-05-12 10:26:33,R_1jTTW6ddgXNB2cm,,,,,37.697601318359375,-121.036895751953125,anonymous,EN,1,4,3,3,4,4,3,1,,31,1
2021-05-12 10:22:26,2021-05-12 10:26:33,0,45.46.66.71,100,246,1,2021-05-12 10:26:33,R_1M55MHnxhUJKD8w,,,,,42.461700439453125,-75.05339813232421875,anonymous,EN,1,4,2,4,3,3,4,2,,48,4
2021-05-12 10:23:44,2021-05-12 10:26:43,0,99.122.25.137,100,178,1,2021-05-12 10:26:44,R_ueoBX7CWMCe0Kvn,,,,,35.1703948974609375,-85.08989715576171875,anonymous,EN,1,3,3,4,3,4,4,2,,50,1
2021-05-12 10:20:51,2021-05-12 10:26:54,0,24.127.224.110,100,362,1,2021-05-12 10:26:54,R_3EQ3QmiGxDAichb,,,,,42.4261016845703125,-83.25140380859375,anonymous,EN,1,5,6,2,4,4,2,2,,44,1
2021-05-12 10:26:09,2021-05-12 10:27:08,0,68.203.20.24,100,58,1,2021-05-12 10:27:09,R_31vMDAaD5EVnnyV,,,,,30.4239959716796875,-97.7931976318359375,anonymous,EN,1,2,1,1,0,1,0,1,,36,1
2021-05-12 10:25:02,2021-05-12 10:27:20,0,107.77.207.70,100,138,1,2021-05-12 10:27:20,R_cCNp04xc0ZEPa8h,,,,,41.848297119140625,-87.651702880859375,anonymous,EN,1,3,3,3,4,4,4,2,,38,4
2021-05-12 10:27:02,2021-05-12 10:27:44,0,96.63.228.189,100,41,1,2021-05-12 10:27:44,R_1JLv8f9LeEslrEZ,,,,,40.11199951171875,-88.23650360107421875,anonymous,EN,1,2,2,3,3,1,1,1,,20,1
2021-05-12 10:26:00,2021-05-12 10:27:55,0,24.253.127.37,100,114,1,2021-05-12 10:27:55,R_3lVtEsws8GK99KY,,,,,36.058807373046875,-115.31040191650390625,anonymous,EN,1,4,4,4,4,4,4,2,,50,3
2021-05-12 10:26:11,2021-05-12 10:28:08,0,71.146.42.60,100,116,1,2021-05-12 10:28:08,R_Rmp5mTmH6isjY2t,,,,,30.0157928466796875,-93.83139801025390625,anonymous,EN,1,5,5,5,5,5,3,1,,62,2
2021-05-12 10:26:12,2021-05-12 10:28:20,0,173.50.125.106,100,128,1,2021-05-12 10:28:20,R_114Um0xFGy9jX1j,,,,,36.872100830078125,-76.38849639892578125,anonymous,EN,1,5,5,3,3,6,6,2,,30,4
2021-05-12 10:28:19,2021-05-12 10:29:11,0,24.178.23.151,100,52,1,2021-05-12 10:29:12,R_1IiVA6m27JrF2PQ,,,,,43.06280517578125,-89.31710052490234375,anonymous,EN,1,4,4,3,3,4,5,2,,36,1
2021-05-12 10:28:04,2021-05-12 10:29:31,0,75.141.216.225,100,87,1,2021-05-12 10:29:32,R_1kZAwtF3IHuBLjy,,,,,39.4154052734375,-119.774505615234375,anonymous,EN,1,3,5,5,5,3,4,2,,31,4
2021-05-12 10:29:28,2021-05-12 10:30:23,0,73.63.85.28,100,54,1,2021-05-12 10:30:23,R_2rUWgdFNnsLPq55,,,,,40.394195556640625,-111.848297119140625,anonymous,EN,1,5,5,5,5,5,5,1,,29,4
2021-05-12 10:29:59,2021-05-12 10:30:58,0,76.101.170.60,100,58,1,2021-05-12 10:30:58,R_3feEoA9CPJ1IFaS,,,,,26.4696044921875,-81.813201904296875,anonymous,EN,1,5,5,5,5,4,4,1,,30,2
2021-05-12 10:30:18,2021-05-12 10:30:57,0,65.130.79.183,100,39,1,2021-05-12 10:30:58,R_2zITeC7yevucWYr,,,,,40.774200439453125,-111.872100830078125,anonymous,EN,1,5,5,5,4,3,4,1,,29,1
2021-05-12 10:29:23,2021-05-12 10:31:08,0,24.98.115.208,100,105,1,2021-05-12 10:31:09,R_tR3jlTMACyFRjJn,,,,,33.2541046142578125,-84.27349853515625,anonymous,EN,1,5,5,4,5,4,5,1,,33,1
2021-05-12 10:30:29,2021-05-12 10:31:14,0,174.192.8.152,100,44,1,2021-05-12 10:31:14,R_1K7mX3oaVFkNMZb,,,,,41.8578033447265625,-71.4376983642578125,anonymous,EN,1,3,4,3,3,6,6,2,,29,4
2021-05-12 10:28:19,2021-05-12 10:32:08,0,72.180.173.2,100,228,1,2021-05-12 10:32:08,R_xyK8yFeRqslxPfX,,,,,25.972900390625,-97.4694976806640625,anonymous,EN,1,4,2,2,3,2,3,1,,33,1
2021-05-12 10:31:30,2021-05-12 10:32:35,0,79.178.165.124,100,64,1,2021-05-12 10:32:35,R_W9EHwNnJctX5gjL,,,,,32.0666046142578125,34.76519775390625,anonymous,EN,1,6,5,4,5,5,4,1,,27,1
2021-05-12 10:32:06,2021-05-12 10:33:11,0,23.123.167.77,100,64,1,2021-05-12 10:33:11,R_2TTZAAVq6nqXiNB,,,,,34.076904296875,-118.2075958251953125,anonymous,EN,1,5,6,6,5,6,6,1,,29,1
2021-05-12 10:32:39,2021-05-12 10:33:16,0,68.8.184.122,100,37,1,2021-05-12 10:33:17,R_2OJSsXefiljakvt,,,,,32.7637939453125,-117.06999969482421875,anonymous,EN,1,3,4,4,4,4,4,1,,38,3
2021-05-12 10:33:04,2021-05-12 10:33:56,0,162.221.132.105,100,51,1,2021-05-12 10:33:56,R_3fT4uLPK5UjSSHs,,,,,42.8061981201171875,-100.62149810791015625,anonymous,EN,1,3,3,3,3,2,2,2,,41,4
2021-05-12 10:32:26,2021-05-12 10:34:01,0,174.253.64.124,100,94,1,2021-05-12 10:34:01,R_3qkvpefWwP6t9oP,,,,,41.9741058349609375,-87.86209869384765625,anonymous,EN,1,6,6,5,5,6,6,2,,42,3
2021-05-12 10:32:37,2021-05-12 10:34:09,0,76.121.86.190,100,91,1,2021-05-12 10:34:09,R_2VJjsiWE7o4h5gd,,,,,48.47760009765625,-122.3444976806640625,anonymous,EN,1,3,3,4,4,2,3,2,,58,1
2021-05-12 10:31:25,2021-05-12 10:34:35,0,69.138.105.161,100,189,1,2021-05-12 10:34:35,R_pgWtYuW6RzZobCx,,,,,26.1483001708984375,-80.12169647216796875,anonymous,EN,1,3,4,4,3,2,3,2,,35,2
2021-05-12 10:28:35,2021-05-12 10:34:36,0,72.68.106.144,100,361,1,2021-05-12 10:34:36,R_2afsjpEobzqwRon,,,,,40.81500244140625,-74.3654022216796875,anonymous,EN,1,4,2,1,3,1,4,1,,22,1
2021-05-12 10:33:39,2021-05-12 10:34:43,0,69.147.194.130,100,64,1,2021-05-12 10:34:44,R_2YyvQiGod275jYa,,,,,45.122802734375,-92.5370025634765625,anonymous,EN,1,3,5,5,5,4,5,1,,34,1
2021-05-12 10:32:23,2021-05-12 10:34:47,0,174.50.108.47,100,143,1,2021-05-12 10:34:47,R_ys9qdnjvuLIxrxL,,,,,33.5384979248046875,-82.14080047607421875,anonymous,EN,1,1,1,1,0,0,0,2,,50,4
2021-05-12 10:33:41,2021-05-12 10:35:09,0,172.58.204.123,100,87,1,2021-05-12 10:35:09,R_1IZ8Dh7bRZ6GhYG,,,,,39.951995849609375,-75.181396484375,anonymous,EN,1,3,3,4,4,3,3,2,,32,4
2021-05-12 10:34:14,2021-05-12 10:35:09,0,107.77.202.25,100,55,1,2021-05-12 10:35:10,R_0BMlXeESCDZ4aoF,,,,,38.8574066162109375,-77.09999847412109375,anonymous,EN,1,2,2,3,3,4,5,2,,21,4
2021-05-12 10:34:27,2021-05-12 10:35:37,0,66.108.84.204,100,70,1,2021-05-12 10:35:37,R_OkWXF4m5E99vYLD,,,,,40.7427978515625,-73.97119903564453125,anonymous,EN,1,4,5,3,3,4,3,1,,32,3
2021-05-12 10:35:31,2021-05-12 10:36:14,0,71.207.8.192,100,42,1,2021-05-12 10:36:14,R_3lWT2FkBDRnj8Ax,,,,,40.7957000732421875,-77.8618011474609375,anonymous,EN,1,5,6,5,4,4,6,1,,23,1
2021-05-12 10:35:03,2021-05-12 10:36:27,0,72.222.220.48,100,83,1,2021-05-12 10:36:27,R_1dhv0cufmHdFIY9,,,,,32.8946075439453125,-111.749298095703125,anonymous,EN,1,4,4,3,4,5,6,1,,33,4
2021-05-12 10:33:40,2021-05-12 10:36:37,0,47.222.103.178,100,176,1,2021-05-12 10:36:37,R_3j2Uv66HLUUjjdp,,,,,32.748992919921875,-96.46289825439453125,anonymous,EN,1,2,2,3,2,1,1,2,,48,4
2021-05-12 10:36:16,2021-05-12 10:37:20,0,73.88.0.137,100,64,1,2021-05-12 10:37:21,R_R3TsrTfz4Sj5VMB,,,,,45.0800018310546875,-93.02269744873046875,anonymous,EN,1,4,5,5,5,4,5,1,,24,3
2021-05-12 10:36:47,2021-05-12 10:37:40,0,76.167.178.87,100,53,1,2021-05-12 10:37:40,R_1DJ3PmQacaKAMMt,,,,,33.0034942626953125,-117.0695953369140625,anonymous,EN,1,1,2,1,1,0,2,1,,33,4
2021-05-12 10:37:15,2021-05-12 10:38:13,0,24.11.16.232,100,58,1,2021-05-12 10:38:13,R_3NBQi0lgX5g8Lud,,,,,41.0854034423828125,-111.96820068359375,anonymous,EN,1,4,5,3,3,4,4,1,,49,1
2021-05-12 10:37:12,2021-05-12 10:38:15,0,99.21.109.175,100,62,1,2021-05-12 10:38:15,R_3MnRS7wvp76Z6t3,,,,,41.8394927978515625,-87.75550079345703125,anonymous,EN,1,3,4,2,2,5,3,2,,20,1
2021-05-12 10:36:46,2021-05-12 10:38:36,0,97.104.60.191,100,109,1,2021-05-12 10:38:37,R_1C7MqF3Dd8NoUsZ,,,,,29.042205810546875,-81.2863006591796875,anonymous,EN,1,4,3,4,4,4,5,1,,45,2
2021-05-12 10:38:05,2021-05-12 10:39:23,0,47.16.87.69,100,78,1,2021-05-12 10:39:23,R_3PGdXkqZtv7AImk,,,,,40.923797607421875,-73.9989013671875,anonymous,EN,1,1,1,2,3,1,2,2,,31,1
2021-05-12 10:37:34,2021-05-12 10:39:34,0,35.139.141.124,100,120,1,2021-05-12 10:39:34,R_2xSlZiJsn3oiyLT,,,,,28.141204833984375,-82.59310150146484375,anonymous,EN,1,3,3,4,4,3,1,1,,37,3
2021-05-12 10:39:14,2021-05-12 10:39:50,0,172.58.204.166,100,36,1,2021-05-12 10:39:51,R_1QyiFDPhkTGr6iF,,,,,39.951995849609375,-75.181396484375,anonymous,EN,1,0,0,0,0,0,0,2,,23,1
2021-05-12 10:38:04,2021-05-12 10:40:27,0,76.167.125.140,100,143,1,2021-05-12 10:40:28,R_3shaMo4wUJlg1JB,,,,,32.80029296875,-117.243804931640625,anonymous,EN,1,4,4,3,3,2,2,2,,27,2
2021-05-12 10:39:12,2021-05-12 10:40:56,0,104.181.34.197,100,103,1,2021-05-12 10:40:58,R_roTzOxxbHvLr089,,,,,26.0702972412109375,-80.22480010986328125,anonymous,EN,1,5,4,3,4,5,2,1,,33,2
2021-05-12 10:39:19,2021-05-12 10:41:05,0,94.13.33.184,100,105,1,2021-05-12 10:41:05,R_3iXa1bxdOhc0Juz,,,,,52.3274993896484375,-1.5525970458984375,anonymous,EN,1,4,4,3,3,4,5,2,,48,4
2021-05-12 10:40:17,2021-05-12 10:41:20,0,72.200.87.103,100,63,1,2021-05-12 10:41:21,R_2Vg0q3l9kgjVHpx,,,,,32.194305419921875,-110.9766998291015625,anonymous,EN,1,5,5,3,3,4,5,1,,33,3
2021-05-12 10:39:58,2021-05-12 10:41:38,0,71.208.83.118,100,100,1,2021-05-12 10:41:38,R_1mlzbBKfTlMItqu,,,,,26.6291961669921875,-81.9680023193359375,anonymous,EN,1,5,4,1,2,3,5,1,,27,2
2021-05-12 10:39:46,2021-05-12 10:42:03,0,71.91.144.186,100,137,1,2021-05-12 10:42:03,R_b6ZO7RsUy8rURhf,,,,,30.5178070068359375,-92.087799072265625,anonymous,EN,1,5,5,4,4,4,6,1,,48,4
2021-05-12 10:42:05,2021-05-12 10:42:47,0,97.79.231.202,100,42,1,2021-05-12 10:42:48,R_abInsVE6A1gGrXH,,,,,33.8654022216796875,-98.52519989013671875,anonymous,EN,1,5,5,4,4,4,4,1,,33,4
2021-05-12 10:42:08,2021-05-12 10:43:24,0,174.27.131.20,100,76,1,2021-05-12 10:43:24,R_3KNkyW9s7Xo9pR2,,,,,43.65020751953125,-116.434295654296875,anonymous,EN,1,3,3,2,3,0,0,1,,45,4
2021-05-12 10:41:13,2021-05-12 10:43:43,0,47.199.180.51,100,149,1,2021-05-12 10:43:43,R_3I5CY8ae64fo5xu,,,,,28.0684051513671875,-82.75930023193359375,anonymous,EN,1,5,5,5,4,0,0,2,,55,1
2021-05-12 10:43:19,2021-05-12 10:44:06,0,73.42.26.157,100,47,1,2021-05-12 10:44:07,R_1LkcKFOSkMSRnx4,,,,,30.4170074462890625,-84.18499755859375,anonymous,EN,1,2,2,2,2,1,1,1,,29,4
2021-05-12 10:43:01,2021-05-12 10:44:36,0,108.4.229.210,100,95,1,2021-05-12 10:44:36,R_O3gTiYwGc564lz3,,,,,39.935699462890625,-75.183197021484375,anonymous,EN,1,3,4,3,2,3,5,1,,32,1
2021-05-12 10:42:49,2021-05-12 10:44:53,0,216.12.58.186,100,124,1,2021-05-12 10:44:53,R_3hy9yaTVJnVDrXE,,,,,36.643402099609375,-76.24199676513671875,anonymous,EN,1,5,5,5,5,5,5,1,,68,4
2021-05-12 10:41:35,2021-05-12 10:44:53,0,172.58.158.187,100,197,1,2021-05-12 10:44:54,R_3HhNox4ZePnIyZo,,,,,35.252197265625,-80.82630157470703125,anonymous,EN,1,5,3,5,5,4,6,2,,21,1
2021-05-12 10:43:59,2021-05-12 10:45:09,0,75.113.88.231,100,69,1,2021-05-12 10:45:10,R_1gdcwF6IlgT5P4J,,,,,35.3878021240234375,-118.936004638671875,anonymous,EN,1,1,1,4,1,3,5,2,,27,1
2021-05-12 10:43:50,2021-05-12 10:45:36,0,70.236.165.10,100,105,1,2021-05-12 10:45:36,R_psg7znRvmldjDOx,,,,,31.3144989013671875,-89.3787994384765625,anonymous,EN,1,4,4,5,5,5,5,1,,39,1
2021-05-12 10:42:03,2021-05-12 10:45:49,0,109.249.184.166,100,226,1,2021-05-12 10:45:50,R_3n1PrjQ3lSJTOMy,,,,,52.460601806640625,-1.923797607421875,anonymous,EN,1,4,4,2,4,5,5,2,,27,4
2021-05-12 10:44:34,2021-05-12 10:45:58,0,24.131.129.208,100,84,1,2021-05-12 10:45:59,R_1MWjAtbTbHCFTLP,,,,,45.0648040771484375,-92.8466033935546875,anonymous,EN,1,4,3,4,4,1,2,2,,33,4
2021-05-12 10:45:11,2021-05-12 10:46:33,0,47.39.188.126,100,81,1,2021-05-12 10:46:33,R_5tM8holj5rNIoFj,,,,,34.0388946533203125,-84.382598876953125,anonymous,EN,1,4,4,4,4,0,0,2,,60,4
2021-05-12 10:44:34,2021-05-12 10:46:41,0,76.177.152.127,100,127,1,2021-05-12 10:46:42,R_0JLo0JzRbLgsdIl,,,,,38.0178070068359375,-84.93199920654296875,anonymous,EN,1,4,4,4,4,5,5,2,,71,3
2021-05-12 10:38:25,2021-05-12 10:46:49,0,47.188.116.47,100,503,1,2021-05-12 10:46:49,R_28CFe6KAYXvRN1j,,,,,33.2205047607421875,-97.12940216064453125,anonymous,EN,1,5,5,4,5,5,5,1,,26,1
2021-05-12 10:46:18,2021-05-12 10:46:53,0,108.5.233.30,100,34,1,2021-05-12 10:46:53,R_1DZ2vJdFetsEGCw,,,,,40.71820068359375,-74.04759979248046875,anonymous,EN,1,4,5,4,4,5,5,1,,29,1
2021-05-12 10:45:16,2021-05-12 10:46:54,0,184.3.50.130,100,98,1,2021-05-12 10:46:54,R_dgtymIVA4GGA6tj,,,,,35.81329345703125,-77.8553009033203125,anonymous,EN,1,2,3,3,3,4,5,1,,48,3
2021-05-12 10:46:34,2021-05-12 10:47:22,0,82.132.212.220,100,48,1,2021-05-12 10:47:22,R_1q8RUfr0pOMZauT,,,,,51.4535064697265625,-2.591705322265625,anonymous,EN,1,5,4,5,5,4,5,1,,26,4
2021-05-12 10:46:36,2021-05-12 10:48:00,0,75.82.83.107,100,83,1,2021-05-12 10:48:00,R_1JRtReRd6YNWr6Y,,,,,34.1970062255859375,-118.8199005126953125,anonymous,EN,1,2,2,1,1,1,5,1,,27,4
2021-05-12 10:42:59,2021-05-12 10:48:09,0,98.167.113.206,100,309,1,2021-05-12 10:48:09,R_2DY4gbxYNLOgWjg,,,,,36.058807373046875,-115.31040191650390625,anonymous,EN,1,1,1,1,1,2,1,2,,36,4
2021-05-12 10:47:35,2021-05-12 10:48:31,0,23.246.76.102,100,55,1,2021-05-12 10:48:31,R_2QGJcjtmYZhgC0P,,,,,40.738006591796875,-73.98580169677734375,anonymous,EN,1,4,4,4,4,4,3,1,,35,2
2021-05-12 10:47:19,2021-05-12 10:48:41,0,96.250.113.32,100,82,1,2021-05-12 10:48:41,R_UR2vZHra6pHUWdj,,,,,40.7279052734375,-73.51180267333984375,anonymous,EN,1,3,1,4,6,6,6,1,,23,1
2021-05-12 10:47:26,2021-05-12 10:49:27,0,104.228.93.178,100,121,1,2021-05-12 10:49:28,R_2fxLSllYLVgvHNm,,,,,42.57000732421875,-77.71089935302734375,anonymous,EN,1,3,4,4,4,3,4,1,,43,4
2021-05-12 10:46:14,2021-05-12 10:50:10,0,99.42.41.84,100,235,1,2021-05-12 10:50:10,R_TbE7l5PN1lGBONP,,,,,30.0735931396484375,-95.62030029296875,anonymous,EN,1,6,6,5,5,6,6,1,,36,1
2021-05-12 10:48:28,2021-05-12 10:50:18,0,73.225.195.240,100,109,1,2021-05-12 10:50:18,R_22s69Xxnbot8ufj,,,,,48.1829986572265625,-122.1136016845703125,anonymous,EN,1,4,5,5,6,6,6,1,,45,1
2021-05-12 10:49:27,2021-05-12 10:50:23,0,72.133.199.225,100,56,1,2021-05-12 10:50:24,R_3EhF89GRgVPKUbG,,,,,42.99530029296875,-88.03800201416015625,anonymous,EN,1,5,4,4,4,5,5,2,,47,1
2021-05-12 10:48:41,2021-05-12 10:50:38,0,85.168.48.244,100,117,1,2021-05-12 10:50:38,R_3rPAXC5IZK8qKQi,,,,,48.832305908203125,2.407501220703125,anonymous,EN,1,0,0,1,2,0,0,1,,66,4
2021-05-12 10:49:27,2021-05-12 10:50:38,0,24.99.44.38,100,71,1,2021-05-12 10:50:39,R_1OPhTXrETSw02kd,,,,,34.1824951171875,-84.82469940185546875,anonymous,EN,1,4,4,3,3,0,0,1,,22,1
2021-05-12 10:49:12,2021-05-12 10:51:01,0,24.21.73.226,100,109,1,2021-05-12 10:51:02,R_296Wrs5oE1WY7hY,,,,,45.480499267578125,-122.63629913330078125,anonymous,EN,1,3,4,4,4,4,4,1,,47,1
2021-05-12 10:49:40,2021-05-12 10:51:08,0,71.14.44.68,100,88,1,2021-05-12 10:51:08,R_23f0toEQLTut1VW,,,,,33.477203369140625,-84.05539703369140625,anonymous,EN,1,5,5,4,5,4,4,1,,21,1
2021-05-12 10:50:01,2021-05-12 10:51:54,0,172.58.157.163,100,113,1,2021-05-12 10:51:54,R_277fMJ6lXlPxHlF,,,,,35.2227020263671875,-80.79380035400390625,anonymous,EN,1,3,3,4,3,0,1,2,,59,4
2021-05-12 10:50:49,2021-05-12 10:52:02,0,172.58.19.235,100,72,1,2021-05-12 10:52:02,R_1jjGp9pzGKEHWoM,,,,,33.751800537109375,-117.993194580078125,anonymous,EN,1,3,4,4,3,4,5,2,,26,2
2021-05-12 10:50:53,2021-05-12 10:52:16,0,24.214.88.41,100,82,1,2021-05-12 10:52:16,R_12fBNncMZHXgQUy,,,,,32.42120361328125,-86.2790985107421875,anonymous,EN,1,5,5,4,4,3,3,1,,40,3
2021-05-12 10:51:42,2021-05-12 10:52:27,0,98.165.17.189,100,44,1,2021-05-12 10:52:27,R_3lWZ6ks63dRoSYm,,,,,33.3054046630859375,-111.7400970458984375,anonymous,EN,1,1,0,0,0,0,0,1,,37,1
2021-05-12 10:51:49,2021-05-12 10:52:43,0,67.251.140.57,100,54,1,2021-05-12 10:52:43,R_2OHCB9SS55HbkjQ,,,,,41.61810302734375,-74.32659912109375,anonymous,EN,1,3,3,4,4,4,6,2,,18,4
2021-05-12 10:52:43,2021-05-12 10:53:16,0,67.164.81.227,100,33,1,2021-05-12 10:53:16,R_1dK8jHbG1NHgmMN,,,,,37.2821044921875,-121.83100128173828125,anonymous,EN,1,3,3,4,4,4,3,2,,26,1
2021-05-12 10:53:20,2021-05-12 10:53:53,0,107.242.113.13,100,32,1,2021-05-12 10:53:53,R_2YRODrgfurYQil8,,,,,35.9927978515625,-95.8152008056640625,anonymous,EN,1,3,2,3,3,2,3,2,,41,1
2021-05-12 10:53:26,2021-05-12 10:54:11,0,107.77.197.112,100,45,1,2021-05-12 10:54:12,R_cP9LzRAheI09T5D,,,,,32.937896728515625,-96.83840179443359375,anonymous,EN,1,6,6,6,4,3,4,1,,19,4
2021-05-12 10:50:32,2021-05-12 10:54:35,0,172.58.206.219,100,243,1,2021-05-12 10:54:36,R_1mgZ74OHBSEBezc,,,,,39.9340057373046875,-75.160003662109375,anonymous,EN,1,0,0,0,0,0,0,2,,43,1
2021-05-12 10:53:30,2021-05-12 10:54:54,0,72.215.159.34,100,84,1,2021-05-12 10:54:55,R_2YtwxeGRGGijrpP,,,,,37.0449981689453125,-76.40670013427734375,anonymous,EN,1,3,3,3,3,3,3,1,,27,2
2021-05-12 10:53:31,2021-05-12 10:55:10,0,68.169.134.251,100,99,1,2021-05-12 10:55:10,R_2tlCZaxDmHVVIU3,,,,,35.07659912109375,-85.3114013671875,anonymous,EN,1,1,2,3,3,1,1,2,,35,4
2021-05-12 10:50:23,2021-05-12 10:55:17,0,96.10.104.10,100,294,1,2021-05-12 10:55:17,R_1LdPVjw1eAHi6V4,,,,,34.1846923828125,-79.7704010009765625,anonymous,EN,1,6,6,6,6,6,4,1,,51,2
2021-05-12 10:53:01,2021-05-12 10:55:21,0,75.97.131.176,100,139,1,2021-05-12 10:55:21,R_3QGFGuKjtpnd3X7,,,,,41.220794677734375,-75.77359771728515625,anonymous,EN,1,5,3,4,3,5,5,2,,56,4
2021-05-12 10:54:12,2021-05-12 10:55:37,0,136.32.139.47,100,84,1,2021-05-12 10:55:37,R_1HnR7ogLdNszJtR,,,,,39.0352935791015625,-94.46360015869140625,anonymous,EN,1,4,4,4,5,5,6,2,,61,1
2021-05-12 10:55:12,2021-05-12 10:55:51,0,66.68.20.134,100,38,1,2021-05-12 10:55:51,R_2fkbi559anPWKSB,,,,,30.2303924560546875,-97.72429656982421875,anonymous,EN,1,1,2,3,3,3,3,1,,19,1
2021-05-12 10:55:19,2021-05-12 10:56:14,0,72.193.254.148,100,55,1,2021-05-12 10:56:15,R_1KkXSgcuF6DQr53,,,,,36.2584075927734375,-115.1072998046875,anonymous,EN,1,1,1,2,2,1,4,1,,19,1
2021-05-12 10:54:27,2021-05-12 10:56:24,0,73.5.55.236,100,117,1,2021-05-12 10:56:25,R_2xVj5hG1wGGasO2,,,,,32.414306640625,-90.118499755859375,anonymous,EN,1,5,5,5,4,5,3,1,,26,4
2021-05-12 10:55:57,2021-05-12 10:56:55,0,147.219.218.223,100,58,1,2021-05-12 10:56:55,R_1NtqQ3q8cx3PROh,,,,,45.5428009033203125,-94.187103271484375,anonymous,EN,1,2,3,4,4,3,4,1,,33,2
2021-05-12 10:54:11,2021-05-12 10:57:04,0,24.177.80.151,100,173,1,2021-05-12 10:57:05,R_1IbIVTLRqSIKrox,,,,,42.176300048828125,-72.5771026611328125,anonymous,EN,1,3,2,2,2,3,3,2,,33,4
2021-05-12 10:55:54,2021-05-12 10:57:10,0,107.13.185.33,100,76,1,2021-05-12 10:57:10,R_3qVSCLhhAwmW5ZQ,,,,,35.7633056640625,-78.70999908447265625,anonymous,EN,1,5,6,4,5,6,6,2,,32,1
2021-05-12 10:55:41,2021-05-12 10:57:12,0,66.229.112.109,100,91,1,2021-05-12 10:57:12,R_1MYwIVUrSlVow9M,,,,,26.268096923828125,-80.209197998046875,anonymous,EN,1,3,3,2,3,0,1,1,,18,4
2021-05-12 10:56:26,2021-05-12 10:57:28,0,73.198.136.92,100,62,1,2021-05-12 10:57:29,R_3qvT5pZLMXQA91O,,,,,40.6356964111328125,-74.2527008056640625,anonymous,EN,1,3,3,3,3,3,3,1,,37,3
2021-05-12 10:57:06,2021-05-12 10:57:53,0,76.105.6.203,100,47,1,2021-05-12 10:57:54,R_3ReFay1xAaoKO32,,,,,36.3170013427734375,-119.3087005615234375,anonymous,EN,1,5,4,3,2,5,0,1,,30,3
2021-05-12 10:56:11,2021-05-12 10:58:01,0,73.83.242.66,100,110,1,2021-05-12 10:58:02,R_3pstu7dWSKHHGZJ,,,,,48.69140625,-122.413299560546875,anonymous,EN,1,1,0,1,6,2,1,1,,62,1
2021-05-12 10:57:07,2021-05-12 10:59:00,0,67.176.41.228,100,113,1,2021-05-12 10:59:01,R_1mK3exEmkljqony,,,,,39.829498291015625,-105.063201904296875,anonymous,EN,1,6,0,0,0,0,0,1,,35,1
2021-05-12 10:59:08,2021-05-12 10:59:44,0,35.138.5.83,100,36,1,2021-05-12 10:59:45,R_2YobOeVPrjyYGmI,,,,,27.944793701171875,-82.24089813232421875,anonymous,EN,1,4,4,4,4,5,5,1,,31,1
2021-05-12 10:58:28,2021-05-12 10:59:47,0,204.116.214.135,100,78,1,2021-05-12 10:59:47,R_2sWIsJFlt86RLsP,,,,,34.1416015625,-80.88860321044921875,anonymous,EN,1,4,2,4,5,6,5,2,,32,4
2021-05-12 10:56:52,2021-05-12 10:59:49,0,67.246.231.165,100,177,1,2021-05-12 10:59:49,R_2BbRXenq47U74qF,,,,,43.5825042724609375,-70.3513031005859375,anonymous,EN,1,2,2,2,2,3,3,2,,39,3
2021-05-12 10:48:46,2021-05-12 11:00:01,0,23.120.97.2,100,674,1,2021-05-12 11:00:01,R_DdEoeWuPDEf0znz,,,,,34.2848968505859375,-85.22530364990234375,anonymous,EN,1,1,2,1,2,2,4,2,,21,1
2021-05-12 10:58:43,2021-05-12 11:00:03,0,71.163.38.74,100,80,1,2021-05-12 11:00:04,R_1JWpVdDU5maqzx2,,,,,39.082794189453125,-77.16739654541015625,anonymous,EN,1,2,2,2,3,3,3,1,,41,1
2021-05-12 10:57:37,2021-05-12 11:00:23,0,97.89.118.166,100,166,1,2021-05-12 11:00:23,R_BG8hyPj69AsQY2B,,,,,35.575897216796875,-81.17449951171875,anonymous,EN,1,5,4,3,4,6,6,1,,54,1
2021-05-12 10:54:10,2021-05-12 11:00:53,0,80.127.226.231,100,403,1,2021-05-12 11:00:54,R_30ocS8xWOI8PCkx,,,,,51.7129974365234375,5.364105224609375,anonymous,EN,1,3,2,2,2,0,0,2,,32,1
2021-05-12 10:59:59,2021-05-12 11:01:33,0,24.169.31.106,100,93,1,2021-05-12 11:01:33,R_AiIcv8VjLzGP4it,,,,,42.7469940185546875,-73.7527008056640625,anonymous,EN,1,5,4,4,5,5,5,1,,31,2
2021-05-12 11:00:09,2021-05-12 11:01:37,0,71.83.23.55,100,87,1,2021-05-12 11:01:38,R_2fg7i0j67zLd8uJ,,,,,43.607696533203125,-83.949798583984375,anonymous,EN,1,4,4,5,4,1,1,2,,33,1
2021-05-12 11:01:03,2021-05-12 11:01:53,0,104.59.149.92,100,50,1,2021-05-12 11:01:54,R_29od1MXjMaX4R0v,,,,,34.0511016845703125,-118.3323974609375,anonymous,EN,1,5,5,2,5,4,4,1,,35,1
2021-05-12 11:01:24,2021-05-12 11:02:11,0,108.209.72.230,100,47,1,2021-05-12 11:02:11,R_1dGD9oArwoAwIlR,,,,,30.4940948486328125,-90.47509765625,anonymous,EN,1,1,0,0,0,0,0,2,,32,4
2021-05-12 11:00:26,2021-05-12 11:02:29,0,71.200.212.220,100,123,1,2021-05-12 11:02:29,R_21omUr1KegbUydW,,,,,26.18829345703125,-81.70709991455078125,anonymous,EN,1,5,4,3,3,2,5,1,,19,1
2021-05-12 11:00:26,2021-05-12 11:02:30,0,83.25.109.74,100,124,1,2021-05-12 11:02:31,R_9vNep3U3S3e6kQV,,,,,52.3123931884765625,17.815399169921875,anonymous,EN,1,4,3,4,3,4,5,1,,26,1
2021-05-12 10:52:25,2021-05-12 11:02:34,0,45.47.190.106,100,609,1,2021-05-12 11:02:35,R_10TvRovXXO7y7il,,,,,42.6199951171875,-73.83429718017578125,anonymous,EN,1,3,1,3,3,3,4,1,,38,1
2021-05-12 11:01:51,2021-05-12 11:02:41,0,98.197.232.135,100,49,1,2021-05-12 11:02:41,R_1BURuCtZ1Hj9DXy,,,,,29.625396728515625,-95.375,anonymous,EN,1,2,5,2,4,4,5,2,,34,1
2021-05-12 11:00:43,2021-05-12 11:02:47,0,173.92.3.57,100,123,1,2021-05-12 11:02:47,R_smRgizbMTE2cSS5,,,,,35.231597900390625,-80.84279632568359375,anonymous,EN,1,3,5,5,5,4,4,1,,32,1
2021-05-12 11:01:44,2021-05-12 11:03:04,0,50.228.195.130,100,79,1,2021-05-12 11:03:04,R_30e0JvvzaZH4Lv9,,,,,42.4369964599609375,-82.98999786376953125,anonymous,EN,1,0,0,3,4,2,6,2,,25,2
2021-05-12 11:01:44,2021-05-12 11:03:12,0,99.176.11.98,100,88,1,2021-05-12 11:03:13,R_23ZWKh0dERypxN0,,,,,32.817901611328125,-96.63189697265625,anonymous,EN,1,5,5,4,4,5,5,1,,30,1
2021-05-12 11:01:50,2021-05-12 11:03:15,0,74.197.141.134,100,84,1,2021-05-12 11:03:15,R_Yb5POEmVcUipSUN,,,,,30.4420928955078125,-97.63390350341796875,anonymous,EN,1,2,2,2,4,2,4,1,,29,4
2021-05-12 11:02:52,2021-05-12 11:03:56,0,32.214.17.120,100,64,1,2021-05-12 11:03:56,R_2wBR3ahNvi7lYIG,,,,,41.60260009765625,-72.97650146484375,anonymous,EN,1,3,4,3,3,1,1,2,,33,4
2021-05-12 11:02:53,2021-05-12 11:03:59,0,50.240.2.61,100,65,1,2021-05-12 11:04:00,R_xn0mI8Gj4y9wB4l,,,,,30.6797943115234375,-88.2913970947265625,anonymous,EN,1,1,2,2,3,2,5,2,,27,2
2021-05-12 11:02:53,2021-05-12 11:04:01,0,73.19.60.122,100,68,1,2021-05-12 11:04:02,R_QbOoY7TtTV6wZ45,,,,,47.5290985107421875,-121.8231048583984375,anonymous,EN,1,3,3,2,2,3,3,2,,31,1
2021-05-12 11:03:36,2021-05-12 11:04:10,0,174.219.130.249,100,33,1,2021-05-12 11:04:10,R_3KAyz5fUcvo0sdX,,,,,44.9120941162109375,-93.17169952392578125,anonymous,EN,1,3,3,2,3,4,4,1,,31,2
2021-05-12 11:03:18,2021-05-12 11:04:15,0,71.231.152.118,100,56,1,2021-05-12 11:04:15,R_bqm13F8Ytt5uRzz,,,,,47.8302001953125,-122.333099365234375,anonymous,EN,1,4,4,4,4,4,5,1,,52,1
2021-05-12 11:02:21,2021-05-12 11:04:26,0,216.54.2.178,100,124,1,2021-05-12 11:04:27,R_a4tsWmMQfta1rGx,,,,,36.92010498046875,-76.21219635009765625,anonymous,EN,1,1,0,2,2,0,4,2,,33,4
2021-05-12 11:03:45,2021-05-12 11:04:55,0,71.57.81.230,100,69,1,2021-05-12 11:04:56,R_1lyFYV2AVmzeg8O,,,,,41.4933929443359375,-87.35479736328125,anonymous,EN,1,6,6,4,6,5,3,1,,36,2
2021-05-12 10:57:57,2021-05-12 11:05:05,0,174.195.135.116,100,428,1,2021-05-12 11:05:06,R_3nGaug7CrEIrblj,,,,,34.0121002197265625,-117.68830108642578125,anonymous,EN,1,1,1,4,1,4,5,2,,35,4
2021-05-12 11:04:07,2021-05-12 11:05:11,0,24.5.86.69,100,64,1,2021-05-12 11:05:12,R_3ipPj1OF80x2pcV,,,,,37.7505950927734375,-122.41210174560546875,anonymous,EN,1,1,1,3,2,2,4,1,,24,1
2021-05-12 11:02:53,2021-05-12 11:05:23,0,99.179.149.249,100,149,1,2021-05-12 11:05:23,R_RtwXt3jatTl6Xx7,,,,,42.00030517578125,-88.1421966552734375,anonymous,EN,1,4,3,4,4,2,1,1,,28,3
2021-05-12 11:03:54,2021-05-12 11:05:25,0,72.84.77.163,100,90,1,2021-05-12 11:05:25,R_2TYm6SjloQgkrN9,,,,,36.796905517578125,-76.1797027587890625,anonymous,EN,1,4,4,4,5,3,4,1,,44,1
2021-05-12 11:03:56,2021-05-12 11:05:30,0,76.176.6.145,100,93,1,2021-05-12 11:05:30,R_2TXy77NeiERpQLm,,,,,32.80029296875,-117.243804931640625,anonymous,EN,1,1,1,3,3,2,5,2,,37,1
2021-05-12 11:04:34,2021-05-12 11:05:39,0,72.17.89.220,100,65,1,2021-05-12 11:05:39,R_2y8Ah3NzANzMC37,,,,,28.1147003173828125,-82.3677978515625,anonymous,EN,1,5,5,3,3,4,3,2,,27,1
2021-05-12 11:04:22,2021-05-12 11:05:46,0,179.56.73.141,100,83,1,2021-05-12 11:05:46,R_3h9K376zjNz65oP,,,,,-38.73150634765625,-72.5991973876953125,anonymous,EN,1,1,1,3,2,0,1,2,,21,4
2021-05-12 11:05:18,2021-05-12 11:06:19,0,45.37.81.240,100,60,1,2021-05-12 11:06:19,R_1gcP7QqFvPUYTsI,,,,,35.91119384765625,-78.9178009033203125,anonymous,EN,1,0,0,1,1,2,2,2,,22,1
2021-05-12 11:04:51,2021-05-12 11:06:32,0,75.73.128.241,100,100,1,2021-05-12 11:06:32,R_xroCtuhGec6qFWN,,,,,44.78179931640625,-93.51650238037109375,anonymous,EN,1,3,5,4,5,3,4,2,,49,3
2021-05-12 11:05:57,2021-05-12 11:06:49,0,71.171.94.218,100,51,1,2021-05-12 11:06:49,R_2YlWXXn8k4a2NvH,,,,,39.0447998046875,-77.6042022705078125,anonymous,EN,1,4,4,4,3,5,5,1,,44,1
2021-05-12 11:04:52,2021-05-12 11:06:59,0,75.22.189.249,100,127,1,2021-05-12 11:07:00,R_1mxdYP3GZUJ1G1w,,,,,30.587493896484375,-97.8535003662109375,anonymous,EN,1,4,3,5,4,5,5,2,,60,1
2021-05-12 11:06:01,2021-05-12 11:07:16,0,99.121.102.113,100,74,1,2021-05-12 11:07:16,R_3mlgh0QAMCE9DvJ,,,,,34.87750244140625,-92.22650146484375,anonymous,EN,1,2,2,3,1,1,1,1,,35,1
2021-05-12 11:06:58,2021-05-12 11:07:58,0,70.16.143.125,100,59,1,2021-05-12 11:07:58,R_3DjNjcjCRIDS7oC,,,,,40.262603759765625,-75.6150970458984375,anonymous,EN,1,4,3,3,4,6,4,1,,36,1
2021-05-12 11:06:57,2021-05-12 11:08:28,0,73.109.72.68,100,91,1,2021-05-12 11:08:29,R_yJ6zf1RzUFFs99f,,,,,47.54150390625,-122.39300537109375,anonymous,EN,1,3,2,4,5,2,2,1,,39,4
2021-05-12 11:05:19,2021-05-12 11:08:33,0,99.45.113.81,100,193,1,2021-05-12 11:08:34,R_2rD9Ymiw6ThQhRu,,,,,37.7584991455078125,-122.18560028076171875,anonymous,EN,1,2,3,1,1,2,2,1,,18,4
2021-05-12 11:06:57,2021-05-12 11:09:02,0,102.177.65.181,100,125,1,2021-05-12 11:09:02,R_tPZgbQg4DOv2l33,,,,,-29.519500732421875,30.2328033447265625,anonymous,EN,1,5,5,5,5,6,6,2,,27,2
2021-05-12 11:07:30,2021-05-12 11:09:08,0,68.56.158.52,100,97,1,2021-05-12 11:09:08,R_3JniirH96LVA3hG,,,,,42.6678009033203125,-83.2917022705078125,anonymous,EN,1,4,4,3,3,5,6,1,,70,1
2021-05-12 11:06:41,2021-05-12 11:09:12,0,73.216.133.129,100,150,1,2021-05-12 11:09:12,R_3sytse1Loojpb6P,,,,,38.093597412109375,-78.5623016357421875,anonymous,EN,1,4,4,3,4,1,3,2,,49,2
2021-05-12 11:08:27,2021-05-12 11:09:20,0,76.80.31.253,100,53,1,2021-05-12 11:09:20,R_10oyvFxHd54L7We,,,,,34.0587005615234375,-118.27809906005859375,anonymous,EN,1,0,0,6,6,0,0,1,,40,4
2021-05-12 11:07:48,2021-05-12 11:10:08,0,76.103.132.139,100,140,1,2021-05-12 11:10:08,R_qPLovVJjuZZnOBX,,,,,37.704498291015625,-122.0742034912109375,anonymous,EN,1,4,4,4,6,4,4,1,,42,1
2021-05-12 11:08:51,2021-05-12 11:10:11,0,152.86.72.93,100,79,1,2021-05-12 11:10:11,R_2e3AoyB6jWVlKTw,,,,,36.3125,-82.3769989013671875,anonymous,EN,1,0,1,2,2,2,3,2,,30,1
2021-05-12 11:09:53,2021-05-12 11:10:35,0,104.174.43.134,100,42,1,2021-05-12 11:10:36,R_3Rwii87IJ9jNjaP,,,,,34.0511016845703125,-118.3323974609375,anonymous,EN,1,3,2,3,3,0,0,1,,32,1
2021-05-12 11:10:04,2021-05-12 11:10:44,0,67.246.179.204,100,40,1,2021-05-12 11:10:44,R_1pJODuf2YutLHQh,,,,,43.0182952880859375,-78.95909881591796875,anonymous,EN,1,0,0,0,1,0,0,1,,37,1
2021-05-12 11:09:05,2021-05-12 11:11:06,0,74.65.96.228,100,120,1,2021-05-12 11:11:06,R_79ESIiHQhGGyJG1,,,,,42.07330322265625,-76.798797607421875,anonymous,EN,1,5,5,5,5,5,4,1,,47,1
2021-05-12 11:10:08,2021-05-12 11:11:10,0,47.38.241.153,100,62,1,2021-05-12 11:11:11,R_XGJlDPgYfCjHjON,,,,,33.14520263671875,-97.0699005126953125,anonymous,EN,1,1,1,1,1,1,1,1,,38,1
2021-05-12 11:11:18,2021-05-12 11:11:52,0,47.229.112.192,100,34,1,2021-05-12 11:11:53,R_3qk7X7lZME98L1a,,,,,34.1020965576171875,-118.04740142822265625,anonymous,EN,1,5,4,4,3,2,5,1,,24,1
2021-05-12 11:10:32,2021-05-12 11:12:18,0,67.160.221.98,100,105,1,2021-05-12 11:12:18,R_7Ukz40J26Ph9vBn,,,,,37.7200927734375,-121.91899871826171875,anonymous,EN,1,2,2,3,3,2,2,2,,55,1
2021-05-12 11:10:53,2021-05-12 11:12:27,0,79.158.217.238,100,93,1,2021-05-12 11:12:27,R_2c8ixkSPstFYr7l,,,,,41.386993408203125,2.17010498046875,anonymous,EN,1,1,1,2,2,1,1,2,,27,1
2021-05-12 11:11:32,2021-05-12 11:12:53,0,76.189.56.109,100,81,1,2021-05-12 11:12:54,R_2zNHlhgx2exZoui,,,,,41.146392822265625,-81.5106964111328125,anonymous,EN,1,1,1,3,3,0,0,1,,36,1
2021-05-12 11:06:17,2021-05-12 11:13:19,0,83.26.201.236,100,421,1,2021-05-12 11:13:19,R_3fE5s5WhNnQOJV4,,,,,51.2480926513671875,22.5605010986328125,anonymous,EN,1,2,2,1,1,0,3,1,,26,1
2021-05-12 11:12:20,2021-05-12 11:13:20,0,76.186.207.142,100,60,1,2021-05-12 11:13:21,R_01XMrnm5laM4k37,,,,,32.731903076171875,-96.90570068359375,anonymous,EN,1,5,6,4,5,4,4,1,,23,1
2021-05-12 11:12:02,2021-05-12 11:13:21,0,184.91.173.196,100,79,1,2021-05-12 11:13:21,R_3Dd1nGzJW4HMyRg,,,,,27.969696044921875,-80.64859771728515625,anonymous,EN,1,2,1,2,1,0,1,1,,27,1
2021-05-12 11:11:06,2021-05-12 11:13:29,0,76.250.229.95,100,143,1,2021-05-12 11:13:30,R_26lh7VruXkod1I1,,,,,29.33099365234375,-98.4965972900390625,anonymous,EN,1,0,0,0,0,0,1,1,,55,4
2021-05-12 11:11:49,2021-05-12 11:13:46,0,98.230.217.81,100,116,1,2021-05-12 11:13:46,R_3ly3seYUXNdCpmC,,,,,32.28790283203125,-106.75910186767578125,anonymous,EN,1,3,3,3,3,3,3,2,,25,1
2021-05-12 11:12:21,2021-05-12 11:13:55,0,76.184.180.78,100,94,1,2021-05-12 11:13:56,R_81gYZiKNMlb59wB,,,,,32.8130950927734375,-96.8141021728515625,anonymous,EN,1,3,0,2,1,0,2,1,,25,1
2021-05-12 11:09:34,2021-05-12 11:13:58,0,67.182.151.107,100,263,1,2021-05-12 11:13:58,R_Y4WUq73K0y1kPXH,,,,,47.3014068603515625,-122.606201171875,anonymous,EN,1,1,2,2,2,2,4,2,,29,4
2021-05-12 11:13:12,2021-05-12 11:14:00,0,173.171.120.79,100,47,1,2021-05-12 11:14:00,R_2zOamu2GOtg04sZ,,,,,28.195098876953125,-81.606201171875,anonymous,EN,1,1,1,2,1,1,1,1,,35,1
2021-05-12 11:11:56,2021-05-12 11:14:07,0,99.153.201.216,100,131,1,2021-05-12 11:14:07,R_UuRGJRhsVqzHkdz,,,,,38.575897216796875,-90.51670074462890625,anonymous,EN,1,3,4,5,5,6,6,2,,58,2
2021-05-12 11:12:42,2021-05-12 11:14:07,0,50.192.88.166,100,85,1,2021-05-12 11:14:08,R_Q6oT4b1HSwoVOAV,,,,,29.6654052734375,-95.7245025634765625,anonymous,EN,1,5,5,4,4,5,6,2,,28,4
2021-05-12 11:13:31,2021-05-12 11:14:21,0,47.222.6.58,100,50,1,2021-05-12 11:14:21,R_3lY99RtdDZ0656m,,,,,33.290802001953125,-96.99050140380859375,anonymous,EN,1,0,0,3,4,0,1,2,,35,4
2021-05-12 11:13:37,2021-05-12 11:14:31,0,99.11.132.233,100,53,1,2021-05-12 11:14:31,R_6yFtUImr03tNzPz,,,,,33.4680023193359375,-87.09239959716796875,anonymous,EN,1,4,4,3,3,4,4,1,,34,1
2021-05-12 11:13:57,2021-05-12 11:14:47,0,216.237.235.182,100,49,1,2021-05-12 11:14:47,R_6PBW14I4Sqhxgop,,,,,36.1824951171875,-79.810302734375,anonymous,EN,1,0,0,0,0,0,0,2,,29,4
2021-05-12 11:13:40,2021-05-12 11:14:53,0,65.25.199.159,100,72,1,2021-05-12 11:14:53,R_2c6eQsmOTj4S4Ve,,,,,43.160400390625,-88.11730194091796875,anonymous,EN,1,6,6,4,5,5,6,1,,33,1
2021-05-12 11:13:56,2021-05-12 11:14:54,0,45.50.91.77,100,57,1,2021-05-12 11:14:54,R_1JRSwI2ZUmfhYN7,,,,,33.8206024169921875,-118.03399658203125,anonymous,EN,1,3,3,3,3,2,2,2,,26,4
2021-05-12 11:13:59,2021-05-12 11:15:17,0,68.224.200.193,100,78,1,2021-05-12 11:15:19,R_3hhy0VYmOh630sy,,,,,41.795806884765625,-72.52410125732421875,anonymous,EN,1,2,2,3,2,2,0,2,,18,1
2021-05-12 11:14:00,2021-05-12 11:15:19,0,24.130.192.46,100,78,1,2021-05-12 11:15:20,R_1Ca7wuRu54kh5Jo,,,,,37.3511962890625,-121.8845977783203125,anonymous,EN,1,5,2,0,5,2,5,1,,23,1
2021-05-12 11:13:29,2021-05-12 11:15:19,0,174.222.131.28,100,110,1,2021-05-12 11:15:20,R_3ODdxgL87lPSBy1,,,,,38.6967010498046875,-121.3130035400390625,anonymous,EN,1,4,4,4,5,6,5,1,,39,1
2021-05-12 11:15:42,2021-05-12 11:16:08,0,4.17.85.115,100,26,1,2021-05-12 11:16:09,R_2cASAopVKEB6Ryf,,,,,39.1670989990234375,-84.54219818115234375,anonymous,EN,1,2,3,3,2,3,3,1,,38,1
2021-05-12 11:14:59,2021-05-12 11:16:31,0,99.74.21.139,100,92,1,2021-05-12 11:16:31,R_1NDKoyBWh7fQUnK,,,,,33.324005126953125,-86.96990203857421875,anonymous,EN,1,5,4,4,4,5,4,2,,20,2
2021-05-12 11:15:21,2021-05-12 11:16:34,0,69.146.107.240,100,73,1,2021-05-12 11:16:35,R_2RPUlz4r4FSBMvY,,,,,41.438995361328125,-105.80100250244140625,anonymous,EN,1,3,2,4,3,4,3,1,,27,4
2021-05-12 11:15:05,2021-05-12 11:16:49,0,172.58.107.21,100,104,1,2021-05-12 11:16:50,R_1pEjQrOioqy66IG,,,,,32.779693603515625,-96.8022003173828125,anonymous,EN,1,0,0,0,0,0,0,2,,42,4
2021-05-12 11:16:16,2021-05-12 11:16:56,0,71.142.242.22,100,39,1,2021-05-12 11:16:56,R_W2SpXHcVCN92ADf,,,,,32.765106201171875,-117.12760162353515625,anonymous,EN,1,5,6,5,5,5,4,1,,26,3
2021-05-12 11:13:02,2021-05-12 11:17:13,0,99.40.165.92,100,251,1,2021-05-12 11:17:14,R_3p2Xce8GtNJPnty,,,,,28.902496337890625,-81.2480010986328125,anonymous,EN,1,4,4,4,4,4,5,2,,43,3
2021-05-12 11:16:10,2021-05-12 11:17:20,0,68.15.233.60,100,70,1,2021-05-12 11:17:21,R_1Nra8Zp3r45lQU4,,,,,41.2884063720703125,-95.99720001220703125,anonymous,EN,1,5,5,5,5,6,6,2,,54,3
2021-05-12 11:16:49,2021-05-12 11:17:40,0,50.102.14.23,100,51,1,2021-05-12 11:17:41,R_1feEL0kySZ6wdPm,,,,,39.5177001953125,-87.12380218505859375,anonymous,EN,1,2,3,4,4,4,5,2,,40,2
2021-05-12 11:16:32,2021-05-12 11:18:01,0,73.144.217.109,100,89,1,2021-05-12 11:18:01,R_1mkqnumJg1q2BKI,,,,,42.5316009521484375,-83.5261993408203125,anonymous,EN,1,2,2,3,4,1,2,2,,34,4
2021-05-12 11:16:09,2021-05-12 11:18:22,0,73.250.245.208,100,133,1,2021-05-12 11:18:23,R_XoIibO5Akl6aWcN,,,,,39.3408050537109375,-76.40779876708984375,anonymous,EN,1,6,5,4,5,5,3,2,,59,3
2021-05-12 11:18:03,2021-05-12 11:18:59,0,209.252.188.79,100,56,1,2021-05-12 11:19:00,R_1liCJywOo0oxAKZ,,,,,32.921905517578125,-96.62139892578125,anonymous,EN,1,5,5,4,4,5,5,2,,29,4
2021-05-12 11:17:44,2021-05-12 11:19:05,0,136.35.49.230,100,81,1,2021-05-12 11:19:06,R_3QLtTcBe42RYf5p,,,,,39.06610107421875,-94.6287994384765625,anonymous,EN,1,4,4,3,3,5,5,2,,33,4
2021-05-12 11:18:10,2021-05-12 11:19:27,0,73.6.41.176,100,77,1,2021-05-12 11:19:28,R_3fcVVDw2LaFbo4U,,,,,30.004302978515625,-95.1746978759765625,anonymous,EN,1,1,1,2,2,1,4,2,,27,4
2021-05-12 11:18:57,2021-05-12 11:19:56,0,65.229.27.130,100,59,1,2021-05-12 11:19:57,R_2diltuFEX17PDJb,,,,,37.751007080078125,-97.82199859619140625,anonymous,EN,1,6,5,6,5,6,6,2,,25,2
2021-05-12 11:18:58,2021-05-12 11:20:09,0,96.38.249.59,100,71,1,2021-05-12 11:20:09,R_0NVN77XS6E9MkeJ,,,,,34.30889892578125,-83.82489776611328125,anonymous,EN,1,4,4,3,3,3,2,2,,30,1
2021-05-12 11:18:51,2021-05-12 11:20:12,0,173.169.109.152,100,80,1,2021-05-12 11:20:12,R_23iYFTeXb2iqT17,,,,,27.9821929931640625,-81.67060089111328125,anonymous,EN,1,0,0,0,0,0,0,2,,74,1
2021-05-12 11:18:11,2021-05-12 11:21:00,0,148.75.184.157,100,168,1,2021-05-12 11:21:00,R_vofnIJUc5y11adr,,,,,40.877105712890625,-73.0885009765625,anonymous,EN,1,1,1,2,3,2,4,2,,19,4
2021-05-12 11:20:35,2021-05-12 11:21:17,0,108.32.45.239,100,41,1,2021-05-12 11:21:17,R_2XajwTybHjK88gP,,,,,40.4324951171875,-79.86299896240234375,anonymous,EN,1,3,5,5,5,5,6,1,,23,4
2021-05-12 11:19:47,2021-05-12 11:21:21,0,45.49.104.197,100,93,1,2021-05-12 11:21:21,R_2zq1HXpza59a6WN,,,,,34.0771942138671875,-117.45059967041015625,anonymous,EN,1,4,5,4,4,3,5,1,,30,1
2021-05-12 11:16:53,2021-05-12 11:21:29,0,76.99.185.24,100,276,1,2021-05-12 11:21:29,R_UyGFdCrWhLbXmZr,,,,,39.7384033203125,-75.6656036376953125,anonymous,EN,1,4,4,4,4,4,4,1,,31,3
2021-05-12 11:20:07,2021-05-12 11:21:29,0,67.53.131.42,100,82,1,2021-05-12 11:21:29,R_UAcpT0Glef6kJAB,,,,,42.9134979248046875,-87.85559844970703125,anonymous,EN,1,1,2,4,4,0,1,2,,27,4
2021-05-12 11:20:48,2021-05-12 11:21:30,0,24.192.90.120,100,42,1,2021-05-12 11:21:30,R_3g5FUV00DoiACvz,,,,,39.9530029296875,-83.07669830322265625,anonymous,EN,1,2,3,3,4,4,4,2,,33,1
2021-05-12 11:20:27,2021-05-12 11:21:35,0,71.225.170.45,100,67,1,2021-05-12 11:21:35,R_sdRGpfum6NMgNZ7,,,,,39.8860931396484375,-75.33489990234375,anonymous,EN,1,3,4,4,3,2,4,2,,31,4
2021-05-12 11:21:02,2021-05-12 11:22:41,0,208.87.235.180,100,98,1,2021-05-12 11:22:41,R_zYiiGQbb93y4X8R,,,,,34.0543975830078125,-118.2440032958984375,anonymous,EN,1,2,2,2,2,2,2,2,,48,3
2021-05-12 11:21:18,2021-05-12 11:22:59,0,75.4.176.187,100,101,1,2021-05-12 11:23:00,R_vxDGAXigLGtsMCd,,,,,33.1909027099609375,-96.6197967529296875,anonymous,EN,1,0,3,0,0,0,0,2,,23,4
2021-05-12 11:22:41,2021-05-12 11:23:10,0,24.4.77.236,100,29,1,2021-05-12 11:23:10,R_08lmpmkjrBIr0Vr,,,,,37.7200927734375,-121.91899871826171875,anonymous,EN,1,0,1,3,2,2,2,2,,24,4
2021-05-12 11:21:56,2021-05-12 11:23:10,0,37.142.165.138,100,74,1,2021-05-12 11:23:10,R_3n7eBpLcrEZ9YhQ,,,,,32.0666046142578125,34.76519775390625,anonymous,EN,1,5,5,3,4,0,0,2,,25,1
2021-05-12 11:20:51,2021-05-12 11:23:16,0,12.205.151.135,100,144,1,2021-05-12 11:23:16,R_216tKtwtnCvdH73,,,,,37.7808990478515625,-122.42449951171875,anonymous,EN,1,4,5,6,5,5,4,2,,26,1
2021-05-12 11:22:23,2021-05-12 11:23:45,0,38.107.148.72,100,81,1,2021-05-12 11:23:45,R_3FVVTJ597DCNK05,,,,,40.6945953369140625,-80.34020233154296875,anonymous,EN,1,2,6,5,4,4,5,2,,48,4
2021-05-12 11:22:48,2021-05-12 11:23:46,0,66.65.103.233,100,57,1,2021-05-12 11:23:46,R_3KDhTSRFOrs91DJ,,,,,40.7819976806640625,-73.99530029296875,anonymous,EN,1,0,0,1,1,0,0,1,,24,1
2021-05-12 11:21:27,2021-05-12 11:24:00,0,108.46.219.117,100,152,1,2021-05-12 11:24:00,R_AFCcP0SVB0XD1Op,,,,,40.7599945068359375,-73.53179931640625,anonymous,EN,1,1,2,5,5,5,6,2,,331,1
2021-05-12 11:22:29,2021-05-12 11:24:27,0,98.209.172.255,100,117,1,2021-05-12 11:24:27,R_ujES2czvGkcTHhv,,,,,42.9468994140625,-85.62059783935546875,anonymous,EN,1,4,4,4,4,4,5,2,,46,4
2021-05-12 11:24:02,2021-05-12 11:24:38,0,172.58.31.105,100,36,1,2021-05-12 11:24:39,R_3QFzAJNrZXtxTP2,,,,,34.0771942138671875,-117.45059967041015625,anonymous,EN,1,2,2,2,2,2,2,1,,24,1
2021-05-12 11:23:38,2021-05-12 11:25:19,0,47.14.231.174,100,101,1,2021-05-12 11:25:20,R_2QSqoerpgxw4nry,,,,,42.204498291015625,-71.83380126953125,anonymous,EN,1,2,2,2,1,2,2,2,,46,4
2021-05-12 11:23:16,2021-05-12 11:25:46,0,76.186.83.2,100,150,1,2021-05-12 11:25:47,R_2wdd1zTOwP2uJwk,,,,,32.72259521484375,-97.07849884033203125,anonymous,EN,1,5,3,4,4,3,3,1,,36,4
2021-05-12 11:24:09,2021-05-12 11:25:58,0,184.187.91.250,100,109,1,2021-05-12 11:25:58,R_3Ev7gygK7ymknMc,,,,,37.2758941650390625,-79.88390350341796875,anonymous,EN,1,6,5,3,5,6,6,2,,51,1
2021-05-12 11:24:35,2021-05-12 11:26:04,0,71.218.243.163,100,89,1,2021-05-12 11:26:04,R_1jJUSyrn5qsBdsH,,,,,39.7628021240234375,-105.02629852294921875,anonymous,EN,1,4,3,2,1,1,5,1,,37,1
2021-05-12 11:25:15,2021-05-12 11:26:26,0,73.216.199.45,100,70,1,2021-05-12 11:26:26,R_1OHw8xMcWsvYjjV,,,,,39.0818939208984375,-78.1873016357421875,anonymous,EN,1,1,1,3,3,0,0,2,,41,3
2021-05-12 11:25:49,2021-05-12 11:27:34,0,47.36.123.41,100,104,1,2021-05-12 11:27:34,R_2ygvHEigW1vgs7Q,,,,,39.6260986328125,-119.6996002197265625,anonymous,EN,1,5,6,5,6,4,4,1,,46,1
2021-05-12 11:25:33,2021-05-12 11:27:42,0,88.165.172.3,100,129,1,2021-05-12 11:27:42,R_1GNO6f2TKGzFtz4,,,,,48.8986968994140625,2.5155029296875,anonymous,EN,1,5,5,4,3,5,5,2,,35,4
2021-05-12 11:26:37,2021-05-12 11:27:57,0,131.96.241.199,100,80,1,2021-05-12 11:27:58,R_Cdc00Q7jUDHQPNn,,,,,33.7657012939453125,-84.29509735107421875,anonymous,EN,1,2,2,2,2,2,3,2,,34,1
2021-05-12 11:27:07,2021-05-12 11:28:03,0,107.15.140.26,100,56,1,2021-05-12 11:28:03,R_12g1CHGA68wQxHv,,,,,35.717803955078125,-78.84279632568359375,anonymous,EN,1,2,2,2,3,3,3,2,,43,1
2021-05-12 11:27:20,2021-05-12 11:28:07,0,98.35.162.231,100,46,1,2021-05-12 11:28:07,R_2yaeyyI8yw47qAA,,,,,37.4651031494140625,-122.14300537109375,anonymous,EN,1,2,1,3,3,1,3,1,,31,1
2021-05-12 11:26:37,2021-05-12 11:28:08,0,76.77.249.224,100,91,1,2021-05-12 11:28:08,R_22zAhyYCp0sxUS1,,,,,32.5420989990234375,-96.2841033935546875,anonymous,EN,1,4,4,4,3,4,5,2,,41,4
2021-05-12 11:27:19,2021-05-12 11:28:12,0,108.226.181.121,100,52,1,2021-05-12 11:28:12,R_UK09IxfXbtauPuh,,,,,29.8477935791015625,-95.6598968505859375,anonymous,EN,1,3,4,4,5,5,3,2,,21,1
2021-05-12 11:26:14,2021-05-12 11:28:29,0,174.87.236.179,100,135,1,2021-05-12 11:28:29,R_3gSBewqv5zYWOYb,,,,,39.5272064208984375,-119.91290283203125,anonymous,EN,1,4,4,2,2,0,0,2,,74,2
2021-05-12 11:27:41,2021-05-12 11:28:33,0,173.71.172.85,100,52,1,2021-05-12 11:28:34,R_3r09kawshKoFZWZ,,,,,40.5457000732421875,-80.0507965087890625,anonymous,EN,1,4,4,3,4,3,5,2,,31,2
2021-05-12 11:28:22,2021-05-12 11:28:48,0,170.52.161.36,100,25,1,2021-05-12 11:28:48,R_3lQcbXB7WUlQlaX,,,,,33.196197509765625,-80.02449798583984375,anonymous,EN,1,4,3,3,3,3,4,2,,51,4
2021-05-12 11:28:01,2021-05-12 11:28:59,0,104.129.199.53,100,57,1,2021-05-12 11:28:59,R_2Ys8qWsulNr23X8,,,,,33.9882965087890625,-118.32939910888671875,anonymous,EN,1,6,6,5,6,0,0,1,,36,1
2021-05-12 11:28:11,2021-05-12 11:29:20,0,70.126.230.144,100,69,1,2021-05-12 11:29:20,R_vOZrdD4oANzuBUJ,,,,,28.0980072021484375,-81.494903564453125,anonymous,EN,1,4,4,3,3,4,3,2,,61,4
2021-05-12 11:28:43,2021-05-12 11:29:33,0,172.221.230.165,100,50,1,2021-05-12 11:29:34,R_2t59QAe4o0XQKk2,,,,,38.575897216796875,-90.51670074462890625,anonymous,EN,1,5,5,5,5,5,6,1,,44,3
2021-05-12 11:28:47,2021-05-12 11:29:50,0,172.4.34.83,100,63,1,2021-05-12 11:29:50,R_suRozHBCpimSXV7,,,,,32.9510955810546875,-117.22409820556640625,anonymous,EN,1,2,3,3,3,2,3,2,,52,1
2021-05-12 11:28:57,2021-05-12 11:29:51,0,69.131.228.54,100,53,1,2021-05-12 11:29:51,R_3Olgj6A4ggYqRkU,,,,,46.5749969482421875,-122.70770263671875,anonymous,EN,1,5,4,4,4,3,4,2,,21,1
2021-05-12 11:27:46,2021-05-12 11:29:57,0,50.199.189.225,100,131,1,2021-05-12 11:29:57,R_3rJn3tAAaxO1N6A,,,,,40.472503662109375,-79.91089630126953125,anonymous,EN,1,3,3,2,2,3,3,2,,24,4
2021-05-12 11:28:34,2021-05-12 11:30:01,0,75.55.154.48,100,86,1,2021-05-12 11:30:01,R_1KvxwLbedYtFTLR,,,,,36.6089019775390625,-88.3031005859375,anonymous,EN,1,0,0,1,1,1,0,1,,37,1
2021-05-12 11:29:28,2021-05-12 11:30:27,0,71.193.29.210,100,58,1,2021-05-12 11:30:27,R_2X5LaGPk7azljtv,,,,,39.2079010009765625,-120.99900054931640625,anonymous,EN,1,4,4,4,4,4,6,2,,33,1
2021-05-12 11:29:07,2021-05-12 11:30:31,0,99.115.43.148,100,83,1,2021-05-12 11:30:31,R_2UckLXCumyiC7xD,,,,,33.9954986572265625,-84.6580963134765625,anonymous,EN,1,4,3,4,3,4,5,1,,22,4
2021-05-12 11:26:05,2021-05-12 11:30:47,0,108.81.67.197,100,282,1,2021-05-12 11:30:47,R_NUubeZ2ACos9Dsl,,,,,30.45489501953125,-90.90290069580078125,anonymous,EN,1,5,3,3,3,4,6,2,,42,4
2021-05-12 11:30:17,2021-05-12 11:30:55,0,151.203.77.143,100,38,1,2021-05-12 11:30:56,R_3HGpN7yZ7EiRIOe,,,,,42.1815032958984375,-71.3011016845703125,anonymous,EN,1,5,5,3,3,4,4,1,,20,1
2021-05-12 11:29:24,2021-05-12 11:31:10,0,99.145.94.194,100,105,1,2021-05-12 11:31:10,R_3MaqsQIrX41bw4K,,,,,33.5384979248046875,-82.14080047607421875,anonymous,EN,1,3,3,3,3,2,4,1,,28,1
2021-05-12 11:30:16,2021-05-12 11:31:10,0,73.49.161.33,100,54,1,2021-05-12 11:31:11,R_23dIaQXdbbg9IGm,,,,,27.1414947509765625,-80.2017974853515625,anonymous,EN,1,4,5,5,5,5,6,2,,21,4
2021-05-12 11:29:50,2021-05-12 11:31:14,0,70.126.190.36,100,83,1,2021-05-12 11:31:15,R_1loWxK2vgLK34yo,,,,,27.9091033935546875,-82.80280303955078125,anonymous,EN,1,3,3,2,3,3,4,1,,64,4
2021-05-12 11:30:05,2021-05-12 11:31:26,0,71.168.231.94,100,81,1,2021-05-12 11:31:28,R_1rHCFpoJg3UVMyp,,,,,40.2097015380859375,-74.58100128173828125,anonymous,EN,1,2,1,2,1,1,4,1,,37,1
2021-05-12 11:25:04,2021-05-12 11:31:55,0,68.7.211.34,100,410,1,2021-05-12 11:31:55,R_3DW3d0bCJJmQsM1,,,,,33.1165008544921875,-117.184600830078125,anonymous,EN,1,3,4,2,3,4,5,1,,33,1
2021-05-12 11:31:14,2021-05-12 11:32:19,0,67.197.31.59,100,64,1,2021-05-12 11:32:19,R_AHXNtTwSg3ViLgR,,,,,34.967193603515625,-81.049102783203125,anonymous,EN,1,4,4,2,2,4,4,2,,36,2
2021-05-12 11:31:28,2021-05-12 11:32:34,0,99.106.39.161,100,66,1,2021-05-12 11:32:34,R_2qylAT0DUWBAPjU,,,,,32.9720001220703125,-96.7913970947265625,anonymous,EN,1,4,3,3,3,5,5,2,,24,1
2021-05-12 11:31:29,2021-05-12 11:32:36,0,69.132.23.53,100,66,1,2021-05-12 11:32:36,R_2i3IDFidJS6ClJ7,,,,,35.2841949462890625,-80.8719024658203125,anonymous,EN,1,5,5,5,5,5,6,2,,32,1
2021-05-12 11:31:51,2021-05-12 11:32:40,0,76.178.115.90,100,49,1,2021-05-12 11:32:41,R_w6IuMRFZRmJsCVr,,,,,34.1027069091796875,-118.2230987548828125,anonymous,EN,1,5,6,4,4,4,4,2,,29,1
2021-05-12 11:33:00,2021-05-12 11:34:08,0,72.178.237.52,100,67,1,2021-05-12 11:34:08,R_1DxbuY0n4vIQZwC,,,,,30.5153961181640625,-97.6688995361328125,anonymous,EN,1,4,4,5,5,5,6,2,,37,2
2021-05-12 11:33:21,2021-05-12 11:34:11,0,73.58.157.193,100,50,1,2021-05-12 11:34:11,R_1NelvsOTB5IVZRz,,,,,36.1085052490234375,-86.7738037109375,anonymous,EN,1,4,3,4,3,4,5,1,,39,1
2021-05-12 11:32:24,2021-05-12 11:34:28,0,47.196.11.190,100,124,1,2021-05-12 11:34:28,R_rqLhNXsawruCach,,,,,27.8043975830078125,-82.27590179443359375,anonymous,EN,1,3,4,4,5,5,5,1,,37,1
2021-05-12 11:33:17,2021-05-12 11:34:42,0,207.237.211.72,100,84,1,2021-05-12 11:34:42,R_2qt3oIcLFMBoMcu,,,,,41.9904937744140625,-87.66790008544921875,anonymous,EN,1,3,3,3,3,2,4,2,,36,1
2021-05-12 11:32:36,2021-05-12 11:35:08,0,76.208.34.223,100,151,1,2021-05-12 11:35:08,R_3PEMgHSxEuZZPAA,,,,,30.6551971435546875,-93.89640045166015625,anonymous,EN,1,1,3,1,1,2,4,1,,42,1
2021-05-12 11:34:03,2021-05-12 11:35:28,0,73.96.25.114,100,84,1,2021-05-12 11:35:28,R_2wjHLzDhi5WD4Cz,,,,,44.5319061279296875,-122.886505126953125,anonymous,EN,1,2,4,4,4,1,3,2,,27,4
2021-05-12 11:34:04,2021-05-12 11:35:43,0,4.71.155.62,100,98,1,2021-05-12 11:35:43,R_3NInOYSIOtUBDDH,,,,,33.6719970703125,-117.740203857421875,anonymous,EN,1,5,5,5,6,6,6,1,,36,1
2021-05-12 11:32:42,2021-05-12 11:35:53,0,99.69.27.146,100,190,1,2021-05-12 11:35:53,R_1Nn4UpvRnBPydZX,,,,,30.02490234375,-90.25260162353515625,anonymous,EN,1,5,5,4,4,5,5,2,,60,4
2021-05-12 11:35:13,2021-05-12 11:35:53,0,71.229.9.209,100,40,1,2021-05-12 11:35:54,R_BA2DOwNmCSW1XOh,,,,,30.4170074462890625,-84.18499755859375,anonymous,EN,1,0,0,0,0,0,0,2,,32,1
2021-05-12 11:33:03,2021-05-12 11:35:54,0,69.208.81.121,100,171,1,2021-05-12 11:35:55,R_3PTbvKbB7lph5qD,,,,,42.889892578125,-85.61479949951171875,anonymous,EN,1,3,3,3,2,3,3,1,,34,4
2021-05-12 11:34:34,2021-05-12 11:35:56,0,66.91.75.29,100,82,1,2021-05-12 11:35:57,R_cN5n00ceoPhpolj,,,,,21.4535064697265625,-158.0193023681640625,anonymous,EN,1,3,2,1,1,2,2,2,,35,1
2021-05-12 11:34:44,2021-05-12 11:36:10,0,85.255.236.54,100,85,1,2021-05-12 11:36:10,R_10o3DdafcpEGdIC,,,,,51.49639892578125,-0.122406005859375,anonymous,EN,1,3,4,4,5,6,6,2,,29,1
2021-05-12 11:35:28,2021-05-12 11:36:42,0,108.20.195.184,100,74,1,2021-05-12 11:36:43,R_1F3djA5BiD7Ze4B,,,,,42.418792724609375,-71.15570068359375,anonymous,EN,1,2,2,4,4,3,4,2,,33,2
2021-05-12 11:33:51,2021-05-12 11:36:52,0,76.184.233.238,100,181,1,2021-05-12 11:36:52,R_2TnNfgChWJoivGT,,,,,33.1371002197265625,-96.74880218505859375,anonymous,EN,1,4,4,4,4,5,5,2,,46,1
2021-05-12 11:34:01,2021-05-12 11:37:00,0,23.125.45.101,100,178,1,2021-05-12 11:37:01,R_3lPSGWEjwLgQDbz,,,,,25.533294677734375,-80.39730072021484375,anonymous,EN,1,1,1,2,2,0,0,1,,25,1
2021-05-12 11:35:48,2021-05-12 11:37:10,0,107.184.34.37,100,82,1,2021-05-12 11:37:10,R_21yoxjsYXzTenOS,,,,,34.16900634765625,-118.37129974365234375,anonymous,EN,1,6,6,6,6,6,6,2,,19,4
2021-05-12 11:34:41,2021-05-12 11:37:16,0,65.27.18.179,100,155,1,2021-05-12 11:37:17,R_3fZ6Vy5XvXawL0k,,,,,39.109405517578125,-84.57180023193359375,anonymous,EN,1,1,4,3,2,2,4,2,,36,4
2021-05-12 11:36:25,2021-05-12 11:37:32,0,75.26.217.163,100,67,1,2021-05-12 11:37:32,R_3gXeZIn8MnDyI7j,,,,,25.4571990966796875,-80.45870208740234375,anonymous,EN,1,3,3,1,1,0,0,1,,29,1
2021-05-12 11:36:48,2021-05-12 11:37:45,0,75.72.169.6,100,56,1,2021-05-12 11:37:45,R_2zhH05kAHZAnze2,,,,,45.0196075439453125,-93.24019622802734375,anonymous,EN,1,4,4,4,3,4,4,1,,32,2
2021-05-12 11:36:39,2021-05-12 11:37:59,0,64.107.104.3,100,80,1,2021-05-12 11:37:59,R_1F4KiAGB0lQ09A9,,,,,39.836700439453125,-88.94280242919921875,anonymous,EN,1,6,6,4,4,6,6,1,,46,1
2021-05-12 11:31:27,2021-05-12 11:38:00,0,96.69.89.65,100,392,1,2021-05-12 11:38:00,R_3pmz4BMAMgocS3G,,,,,40.36749267578125,-80.02519989013671875,anonymous,EN,1,0,0,3,3,1,0,1,,0,4
2021-05-12 11:35:41,2021-05-12 11:38:02,0,71.175.67.25,100,140,1,2021-05-12 11:38:02,R_2RQaOrUjQBBg3XN,,,,,40.0764007568359375,-75.1678009033203125,anonymous,EN,1,5,5,5,5,1,1,1,,28,4
2021-05-12 11:36:49,2021-05-12 11:38:12,0,24.101.43.42,100,82,1,2021-05-12 11:38:12,R_2Vyl6cXeWV49hud,,,,,41.0995941162109375,-80.75229644775390625,anonymous,EN,1,4,5,4,3,3,5,2,,38,4
2021-05-12 11:36:30,2021-05-12 11:38:15,0,173.54.109.117,100,104,1,2021-05-12 11:38:15,R_1fdWVW8Ogs7U9rD,,,,,40.390899658203125,-74.11530303955078125,anonymous,EN,1,3,3,3,3,5,6,2,,31,4
2021-05-12 11:37:34,2021-05-12 11:38:39,0,184.99.40.84,100,65,1,2021-05-12 11:38:39,R_2awYuhw4NKvIPuE,,,,,38.96710205078125,-104.71990203857421875,anonymous,EN,1,5,5,3,4,4,5,1,,28,4
2021-05-12 11:37:35,2021-05-12 11:38:40,0,71.245.9.83,100,65,1,2021-05-12 11:38:40,R_3LhyWo24b5qJbR6,,,,,40.79559326171875,-77.04270172119140625,anonymous,EN,1,1,1,2,2,3,3,2,,31,2
2021-05-12 11:37:29,2021-05-12 11:38:40,0,64.224.70.47,100,70,1,2021-05-12 11:38:40,R_3FXpoUVah6fTFAQ,,,,,38.44110107421875,-92.9998016357421875,anonymous,EN,1,1,1,3,3,1,1,1,,47,4
2021-05-12 11:37:12,2021-05-12 11:38:46,0,99.89.95.138,100,94,1,2021-05-12 11:38:47,R_2cbGM8rFxX2QnU0,,,,,34.0408935546875,-84.0236968994140625,anonymous,EN,1,1,1,1,1,0,0,2,,49,1
2021-05-12 11:37:31,2021-05-12 11:39:21,0,68.225.207.34,100,109,1,2021-05-12 11:39:21,R_3npCGZaHOy01f3S,,,,,33.3199005126953125,-112.067596435546875,anonymous,EN,1,4,4,3,3,3,3,1,,38,1
2021-05-12 11:38:41,2021-05-12 11:39:26,0,73.93.42.240,100,44,1,2021-05-12 11:39:27,R_1KuPH7BTxLe1Lxf,,,,,37.3511962890625,-121.8845977783203125,anonymous,EN,1,3,2,2,3,3,4,1,,36,1
2021-05-12 11:38:19,2021-05-12 11:39:47,0,131.148.16.61,100,87,1,2021-05-12 11:39:47,R_29rZP0Em33bgSQe,,,,,28.3961029052734375,-81.46810150146484375,anonymous,EN,1,4,3,5,4,3,5,1,,21,1
2021-05-12 11:37:32,2021-05-12 11:39:59,0,72.84.64.154,100,147,1,2021-05-12 11:40:00,R_11aw1OLDHFpjV6X,,,,,36.884796142578125,-76.1472015380859375,anonymous,EN,1,4,3,2,4,2,2,1,,34,1
2021-05-12 11:39:12,2021-05-12 11:40:06,0,75.1.18.72,100,54,1,2021-05-12 11:40:07,R_d0glkFuditgWGdj,,,,,32.845794677734375,-83.67620086669921875,anonymous,EN,1,2,1,4,3,3,2,2,,26,4
2021-05-12 11:37:16,2021-05-12 11:40:11,0,73.0.49.32,100,174,1,2021-05-12 11:40:11,R_1es11r4adYkKBDc,,,,,27.1605072021484375,-80.29250335693359375,anonymous,EN,1,4,5,3,5,5,5,1,,32,1
2021-05-12 11:39:03,2021-05-12 11:40:47,0,74.137.134.123,100,103,1,2021-05-12 11:40:47,R_2SqLWjH1Nu3QEpq,,,,,39.923004150390625,-82.86640167236328125,anonymous,EN,1,5,5,5,5,5,5,1,,28,3
2021-05-12 11:39:13,2021-05-12 11:41:02,0,173.168.170.237,100,108,1,2021-05-12 11:41:02,R_RRbrzzPnejALPKp,,,,,28.0406036376953125,-82.39510345458984375,anonymous,EN,1,4,4,5,6,6,6,2,,21,4
2021-05-12 11:38:47,2021-05-12 11:41:04,0,73.56.164.23,100,137,1,2021-05-12 11:41:05,R_vlgFI4Owu3X6s9P,,,,,26.1374053955078125,-80.16840362548828125,anonymous,EN,1,6,6,5,6,6,6,2,,38,1
2021-05-12 11:40:37,2021-05-12 11:41:22,0,131.187.180.64,100,44,1,2021-05-12 11:41:23,R_2153XAtQRdt0q3g,,,,,41.12359619140625,-83.1819000244140625,anonymous,EN,1,5,5,3,3,1,1,2,,29,4
2021-05-12 11:39:34,2021-05-12 11:41:50,0,75.88.37.33,100,136,1,2021-05-12 11:41:51,R_1ONBAyYunICAP10,,,,,36.0431976318359375,-95.80719757080078125,anonymous,EN,1,5,3,3,3,6,6,2,,40,3
2021-05-12 11:40:36,2021-05-12 11:42:07,0,99.178.134.108,100,91,1,2021-05-12 11:42:08,R_22mghDL2jtDqHtw,,,,,32.966094970703125,-117.12020111083984375,anonymous,EN,1,4,3,4,3,5,4,2,,19,4
2021-05-12 11:41:36,2021-05-12 11:42:28,0,172.58.35.18,100,51,1,2021-05-12 11:42:28,R_D1wvrzKE4G20LMR,,,,,38.4799041748046875,-121.445098876953125,anonymous,EN,1,4,4,4,4,5,5,2,,25,3
2021-05-12 11:40:35,2021-05-12 11:42:35,0,72.80.84.13,100,119,1,2021-05-12 11:42:36,R_29v5IOCEkM2OIr2,,,,,41.442596435546875,-73.67639923095703125,anonymous,EN,1,4,4,5,4,4,5,1,,38,1
2021-05-12 11:40:39,2021-05-12 11:42:54,0,66.215.168.89,100,135,1,2021-05-12 11:42:55,R_332LnsZfMDMcBED,,,,,34.135406494140625,-117.5989990234375,anonymous,EN,1,4,4,5,4,5,5,2,,40,1
2021-05-12 11:39:10,2021-05-12 11:43:17,0,172.58.171.117,100,246,1,2021-05-12 11:43:18,R_25uAhSNq3myJNTe,,,,,28.529998779296875,-81.40570068359375,anonymous,EN,1,5,5,5,5,5,5,2,,31,1
2021-05-12 11:40:10,2021-05-12 11:43:38,0,98.212.146.204,100,208,1,2021-05-12 11:43:38,R_Y643BCwTfNtRLH3,,,,,40.1342926025390625,-88.2870025634765625,anonymous,EN,1,5,5,4,3,4,5,2,,29,1
2021-05-12 11:41:29,2021-05-12 11:43:40,0,73.72.77.143,100,131,1,2021-05-12 11:43:41,R_YSwHdvY87rNVhmN,,,,,41.8202056884765625,-86.2404022216796875,anonymous,EN,1,3,3,4,4,3,3,2,,34,4
2021-05-12 11:42:23,2021-05-12 11:44:01,0,73.9.81.208,100,98,1,2021-05-12 11:44:01,R_1LtXsxR4EDmocMH,,,,,42.2577972412109375,-89.02610015869140625,anonymous,EN,1,3,3,4,4,4,1,2,,36,4
2021-05-12 11:42:57,2021-05-12 11:44:16,0,98.177.150.111,100,79,1,2021-05-12 11:44:17,R_2dKHM7AqMiGrwOj,,,,,33.2487030029296875,-111.63430023193359375,anonymous,EN,1,1,1,1,1,0,0,1,,69,1
2021-05-12 11:43:15,2021-05-12 11:44:22,0,67.240.200.9,100,67,1,2021-05-12 11:44:23,R_3PwepA4467i0DxU,,,,,43.21429443359375,-77.93920135498046875,anonymous,EN,1,4,4,5,5,5,5,1,,24,3
2021-05-12 11:41:48,2021-05-12 11:44:36,0,73.150.91.115,100,167,1,2021-05-12 11:44:36,R_10pZWoVDSNRNvGx,,,,,40.568695068359375,-74.32019805908203125,anonymous,EN,1,4,5,4,3,4,4,2,,68,2
2021-05-12 11:43:19,2021-05-12 11:45:01,0,68.116.228.148,100,101,1,2021-05-12 11:45:02,R_1pXzgDn7tpHOqvh,,,,,40.7574005126953125,-99.14080047607421875,anonymous,EN,1,1,1,2,2,0,0,2,,61,3
2021-05-12 11:44:27,2021-05-12 11:45:25,0,73.44.48.114,100,58,1,2021-05-12 11:45:25,R_uwGcBIxzW77kmpr,,,,,41.975494384765625,-88.087799072265625,anonymous,EN,1,5,5,5,4,5,6,1,,22,2
2021-05-12 11:43:19,2021-05-12 11:45:29,0,198.137.18.238,100,130,1,2021-05-12 11:45:29,R_2dMbkZIgHNkgZgb,,,,,33.933197021484375,-83.35359954833984375,anonymous,EN,1,1,1,3,3,1,0,2,,44,4
2021-05-12 11:44:46,2021-05-12 11:46:10,0,73.173.239.65,100,84,1,2021-05-12 11:46:11,R_1Cf4P8QtzWa5Uag,,,,,38.8892059326171875,-76.94170379638671875,anonymous,EN,1,5,5,3,4,5,5,2,,32,3
2021-05-12 11:43:47,2021-05-12 11:46:22,0,72.80.84.13,100,155,1,2021-05-12 11:46:23,R_upPwYY8z5pRleRr,,,,,41.442596435546875,-73.67639923095703125,anonymous,EN,1,6,6,6,6,6,6,4,,40,1
2021-05-12 11:45:21,2021-05-12 11:46:34,0,204.87.19.6,100,73,1,2021-05-12 11:46:35,R_27kWsbTMgnjUjBP,,,,,38.9033966064453125,-76.98819732666015625,anonymous,EN,1,1,1,1,1,4,4,1,,31,1
2021-05-12 11:40:10,2021-05-12 11:46:36,0,216.207.229.186,100,386,1,2021-05-12 11:46:36,R_3JK8z5hwW6Y7f0T,,,,,38.93359375,-92.36299896240234375,anonymous,EN,1,5,5,5,5,5,5,2,,38,2
2021-05-12 11:45:33,2021-05-12 11:46:37,0,96.5.241.149,100,63,1,2021-05-12 11:46:37,R_1LA1rvaR7rSqTwH,,,,,30.1609954833984375,-81.73110198974609375,anonymous,EN,1,5,4,3,4,4,4,1,,33,4
2021-05-12 11:43:02,2021-05-12 11:46:40,0,174.254.50.220,100,217,1,2021-05-12 11:46:40,R_R5jF5INHcyJYpZn,,,,,33.822906494140625,-84.3535003662109375,anonymous,EN,1,6,6,6,6,6,6,2,,18,1
2021-05-12 11:45:12,2021-05-12 11:46:45,0,208.108.195.236,100,93,1,2021-05-12 11:46:46,R_2AHcLdqhDcgMRbT,,,,,39.3184051513671875,-82.1011962890625,anonymous,EN,1,5,4,5,4,4,4,1,,34,1
2021-05-12 11:45:02,2021-05-12 11:46:52,0,136.53.92.24,100,110,1,2021-05-12 11:46:53,R_1gRQbjvwEp6guN0,,,,,34.6233978271484375,-86.4629974365234375,anonymous,EN,1,1,1,3,3,1,1,2,,67,1
2021-05-12 11:44:31,2021-05-12 11:46:59,0,137.103.58.19,100,148,1,2021-05-12 11:47:00,R_2Yuhmi0BLzqQi9r,,,,,25.703399658203125,-80.29270172119140625,anonymous,EN,1,1,0,0,0,0,3,2,,38,1
2021-05-12 11:46:27,2021-05-12 11:47:10,0,155.41.81.253,100,43,1,2021-05-12 11:47:11,R_1lyjAFSVwVI7WxL,,,,,42.346405029296875,-71.097503662109375,anonymous,EN,1,1,1,0,1,1,4,1,,21,1
2021-05-12 11:46:03,2021-05-12 11:47:13,0,73.171.167.142,100,70,1,2021-05-12 11:47:13,R_232RexJL3jTbCk9,,,,,30.1222991943359375,-81.362701416015625,anonymous,EN,1,5,5,4,5,5,6,1,,70,3
2021-05-12 11:46:25,2021-05-12 11:47:28,0,172.56.6.50,100,63,1,2021-05-12 11:47:28,R_269n7ALlPtRS1NC,,,,,30.1746063232421875,-97.8202972412109375,anonymous,EN,1,4,3,3,4,4,4,2,,31,1
2021-05-12 11:45:19,2021-05-12 11:47:32,0,174.250.16.5,100,133,1,2021-05-12 11:47:32,R_2vhW2XtQIJtFnka,,,,,37.751007080078125,-97.82199859619140625,anonymous,EN,1,4,5,4,4,6,6,2,,25,2
2021-05-12 11:46:54,2021-05-12 11:47:35,0,172.58.19.69,100,41,1,2021-05-12 11:47:36,R_1Lu8ajBp0cneNi6,,,,,33.751800537109375,-117.993194580078125,anonymous,EN,1,4,2,2,4,4,5,2,,22,1
2021-05-12 11:45:59,2021-05-12 11:47:44,0,98.202.222.93,100,104,1,2021-05-12 11:47:44,R_1mOZ5baY1AonyjO,,,,,40.6486968994140625,-111.96820068359375,anonymous,EN,1,4,4,5,5,5,5,1,,47,1
2021-05-12 11:45:34,2021-05-12 11:47:46,0,172.91.67.178,100,132,1,2021-05-12 11:47:46,R_1PaTuAZ7BZN5d6A,,,,,34.037994384765625,-118.45439910888671875,anonymous,EN,1,3,3,4,3,3,5,1,,64,4
2021-05-12 11:47:06,2021-05-12 11:48:13,0,50.206.47.46,100,67,1,2021-05-12 11:48:14,R_9N50b8rdAYDQcXD,,,,,42.2299041748046875,-87.84259796142578125,anonymous,EN,1,4,2,3,3,4,3,2,,22,3
2021-05-12 11:47:36,2021-05-12 11:48:29,0,73.119.248.194,100,52,1,2021-05-12 11:48:29,R_2VpzW71WhwWp6MB,,,,,43.0110015869140625,-71.45709991455078125,anonymous,EN,1,4,4,3,3,4,5,2,,38,2
2021-05-12 11:47:04,2021-05-12 11:48:33,0,67.189.85.120,100,88,1,2021-05-12 11:48:33,R_1dBk8vekZuVhQMK,,,,,46.147796630859375,-122.971099853515625,anonymous,EN,1,5,4,5,5,5,5,1,,41,4
2021-05-12 11:46:35,2021-05-12 11:48:59,0,97.105.206.82,100,143,1,2021-05-12 11:48:59,R_1jr0CI0Txjxu3WQ,,,,,29.6654052734375,-95.7245025634765625,anonymous,EN,1,5,4,5,5,6,6,1,,52,1
2021-05-12 11:44:19,2021-05-12 11:49:19,0,99.11.142.204,100,299,1,2021-05-12 11:49:20,R_3kOeUQq7xHBOhEY,,,,,35.731903076171875,-81.70909881591796875,anonymous,EN,1,5,5,5,5,5,5,1,,52,4
2021-05-12 11:48:04,2021-05-12 11:49:43,0,174.233.30.25,100,99,1,2021-05-12 11:49:43,R_27kF1ukn6jU6foG,,,,,39.606201171875,-84.16950225830078125,anonymous,EN,1,5,5,4,5,5,5,1,,24,1
2021-05-12 11:47:05,2021-05-12 11:49:50,0,68.95.116.158,100,164,1,2021-05-12 11:49:50,R_O3gIYH6S3LLDLS9,,,,,34.52679443359375,-92.95870208740234375,anonymous,EN,1,0,0,1,1,0,0,2,,42,4
2021-05-12 11:47:37,2021-05-12 11:49:50,0,50.102.194.223,100,133,1,2021-05-12 11:49:50,R_UFUWq3IenZLEGwV,,,,,39.966705322265625,-84.90619659423828125,anonymous,EN,1,3,3,4,4,4,6,2,,59,1
2021-05-12 11:45:53,2021-05-12 11:50:03,0,71.246.251.47,100,249,1,2021-05-12 11:50:03,R_1prO5hstZSkeR9r,,,,,39.0157012939453125,-77.0084991455078125,anonymous,EN,1,2,2,3,2,2,4,1,,54,1
2021-05-12 11:47:31,2021-05-12 11:50:04,0,72.133.48.171,100,152,1,2021-05-12 11:50:04,R_3HuaFLoiWMtnKmv,,,,,44.437103271484375,-88.079498291015625,anonymous,EN,1,5,6,5,5,6,6,2,,66,2
2021-05-12 11:47:52,2021-05-12 11:50:40,0,98.192.148.33,100,168,1,2021-05-12 11:50:41,R_YRHFo1aMW7NEfjH,,,,,30.1708984375,-85.57959747314453125,anonymous,EN,1,4,3,1,2,2,4,2,,28,1
2021-05-12 11:49:35,2021-05-12 11:50:48,0,66.169.157.216,100,73,1,2021-05-12 11:50:49,R_2e83dMEiGJWNHeL,,,,,32.9275054931640625,-97.25119781494140625,anonymous,EN,1,3,3,4,4,3,4,1,,35,4
2021-05-12 12:00:30,2021-05-12 12:01:52,0,73.67.138.11,100,82,1,2021-05-12 12:01:53,R_1BWS54tXdIWt8tp,,,,,45.3993072509765625,-122.6078948974609375,anonymous,EN,1,3,4,3,3,2,5,2,,54,3
2021-05-12 08:48:56,2021-05-12 08:49:11,0,100.8.128.69,27,14,0,2021-05-13 02:42:26,R_1gkIthDFWXZyIcK,,,,,,,anonymous,EN,1,,,,,,,,,,
2021-05-12 11:07:55,2021-05-12 11:09:41,0,71.214.11.32,27,106,0,2021-05-13 02:42:27,R_Ox7dum6NwwgKqgp,,,,,,,anonymous,EN,1,,,,,,,,,,
2021-05-12 10:43:31,2021-05-12 10:48:44,0,187.189.0.219,27,313,0,2021-05-13 02:42:28,R_3qKCE6w7I1grCiC,,,,,,,anonymous,EN,1,,,,,,,,,,
2021-05-12 09:41:22,2021-05-12 09:41:41,0,47.183.228.13,27,19,0,2021-05-13 02:42:31,R_3gLS4HX4m50vg3b,,,,,,,anonymous,EN,1,,,,,,,,,,
2021-05-12 10:14:58,2021-05-12 10:47:12,0,187.191.8.165,27,1934,0,2021-05-13 02:42:33,R_1EilJg2Zj712RHB,,,,,,,anonymous,EN,1,,,,,,,,,,
2021-05-13 02:52:21,2021-05-13 02:52:49,1,,100,28,1,2021-05-13 02:52:49,R_XzVOahWXA3pl3Tb,,,,,51.5886993408203125,4.9922027587890625,preview,EN,,,,,,,,,,,
2021-05-13 02:52:56,2021-05-13 02:53:28,1,,100,31,1,2021-05-13 02:53:28,R_5hb21KeYYgfLmnf,,,,,51.5886993408203125,4.9922027587890625,preview,EN,,,,,,,,,,,
